playerRanking,gamesPlayed,gamesStarted,minutesPlayed,pointsScored,twoPointersMade,twoPointersAttempted,twoPointersPercentage,threePointersMade,threePointersAttempted,threePointersPercentage,freeThrowsMade,freeThrowsAttempted,freeThrowsPercentage,offensiveRebounds,defensiveRebounds,totalRebounds,assists,steals,turnovers,blocks,blocksAgainst,foulsCommited,foulsDrawn,pir,player.code,player.name,player.age,player.imageUrl,player.team.code,player.team.tvCodes,player.team.name,player.team.imageUrl
1,156.0,27.0,13.277029914529916,2.8,0.2,0.6,40.6%,0.7,2.0,33.4%,0.2,0.3,87.8%,0.3,0.7,0.9,0.7,0.4,0.4,0.0,0.1,1.7,0.9,1.7,007025,"MATTISSECK, JONAS",24,https://media-cdn.incrowdsports.com/f233c467-32fb-41af-807b-07660af5fa2c.png,BER,BER,ALBA Berlin,https://media-cdn.incrowdsports.com/ccc34858-22b0-47dc-904c-9940b0a16ff3.png
2,140.0,30.0,9.190714285714286,2.3,0.6,1.1,53%,0.3,0.9,34.4%,0.2,0.3,66%,0.5,0.8,1.3,0.3,0.2,0.2,0.2,0.1,1.5,0.4,1.8,004941,"ANTONOV, SEMEN",32,https://media-cdn.incrowdsports.com/5fd80688-4e9c-434c-b051-1471ccdcb625.png,CSK,CSK,CSKA Moscow,https://media-cdn.incrowdsports.com/b6a59212-7feb-4f8c-86c2-5e8f07625e3e.png
3,209.0,118.0,17.61164274322169,3.3,0.6,1.2,46%,0.6,1.7,33.9%,0.4,0.5,79.6%,0.5,1.0,1.5,0.6,0.7,0.5,0.1,0.1,2.6,1.1,2.2,LUO,"LAZIC, BRANKO",35,https://media-cdn.incrowdsports.com/6dcc04d5-821e-4113-a665-029a43d76425.png,RED,CZV,Crvena Zvezda Meridianbet Belgrade,https://media-cdn.incrowdsports.com/d2eef4a8-62df-4fdd-9076-276004268515.png
4,137.0,18.0,9.327372262773721,1.7,0.5,1.0,47%,0.2,0.6,38.3%,0.1,0.2,50%,0.5,0.8,1.3,1.0,0.5,0.4,0.1,0.1,1.4,0.4,2.4,003521,"BALBAY, DOGUS",33,https://media-cdn.incrowdsports.com/0a0748cc-b881-47d6-a8ff-19a51b692cb0.png,IST,EFS,Anadolu Efes Istanbul,https://media-cdn.cortextech.io/9a463aa2-ceb2-481c-9a95-1cddee0a248e.png
5,170.0,31.0,11.358039215686274,4.4,0.6,1.2,50%,1.0,2.5,39.6%,0.3,0.3,90.2%,0.1,0.5,0.6,0.4,0.2,0.2,0.0,0.1,1.1,0.4,2.5,002969,"MAHMUTOGLU, MELIH",34,https://media-cdn.cortextech.io/f3c95ee0-c4ac-4f3a-ae7a-fb6dfd3723b9.png,ULK,FNB,Fenerbahce Beko Istanbul,https://media-cdn.cortextech.io/3b7f020e-5b39-49a1-b4b2-efea918edab7.png
6,154.0,32.0,14.028030303030302,3.8,0.8,1.6,50.4%,0.6,2.1,29.7%,0.3,0.5,60.2%,0.7,1.4,2.1,0.4,0.3,0.5,0.1,0.1,1.5,0.7,2.8,006251,"SCHNEIDER, TIM",27,https://media-cdn.incrowdsports.com/3c4d48d7-a0e1-4375-9246-2d9fc7bf969a.png,BER,BER,ALBA Berlin,https://media-cdn.incrowdsports.com/ccc34858-22b0-47dc-904c-9940b0a16ff3.png
7,155.0,44.0,10.048172043010753,3.1,0.8,1.5,52.8%,0.4,0.9,37.9%,0.4,0.5,81.2%,0.5,1.0,1.5,0.7,0.3,0.5,0.0,0.1,1.5,0.7,2.8,005145,"COHEN, JAKE",34,https://media-cdn.incrowdsports.com/e8d3f0dc-cce9-4329-9d5b-03c76519199d.png,TEL,MTA,Maccabi Rapyd Tel Aviv,https://media-cdn.cortextech.io/1b533342-78f5-4932-b714-a7d80b5826b5.png
8,141.0,41.0,14.14420803782506,3.8,1.0,1.8,52.7%,0.5,1.6,31.4%,0.4,0.5,76.5%,0.7,1.2,1.9,1.2,0.6,0.9,0.1,0.2,2.0,0.8,3.2,008211,"DELOW, MALTE",23,https://media-cdn.incrowdsports.com/4402c134-97e3-485e-ac5d-ea9bdb7bba28.png,BER,BER,ALBA Berlin,https://media-cdn.incrowdsports.com/ccc34858-22b0-47dc-904c-9940b0a16ff3.png
9,145.0,22.0,10.566206896551723,3.4,1.0,1.9,55.1%,0.1,0.4,28.6%,1.0,1.3,75.3%,0.8,1.3,2.1,0.4,0.2,0.7,0.5,0.1,2.2,1.3,3.4,003540,"DIOP, ILIMANE",25,https://media-cdn.incrowdsports.com/06ba4860-2029-41d9-af38-d7c646068cfc.png,BAS,TDS,Baskonia Vitoria-Gasteiz,https://media-cdn.cortextech.io/cbc49cb0-99ce-4462-bdb7-56983ee03cf4.png
10,108.0,35.0,15.60679012345679,3.9,0.4,0.9,44.3%,1.0,2.5,40.4%,0.1,0.1,76.9%,0.6,1.5,2.1,1.2,0.4,0.7,0.4,0.1,2.0,0.3,3.6,BFX,"MONIA, SERGEY",37,https://media-cdn.incrowdsports.com/d3e66f80-1885-4da3-bf68-0282f1611f82.png,KHI,KHI,BC Khimki,https://media-cdn.incrowdsports.com/04bd9ac1-e8ed-4b35-8878-272596e5c7d6.png
11,135.0,24.0,14.747654320987655,4.6,0.7,1.7,42.2%,0.8,2.1,36.9%,0.9,1.1,83.3%,0.2,0.6,0.8,1.7,0.3,1.0,0.0,0.1,1.6,1.6,3.7,008099,"STRAZEL, MATTHEW",22,https://media-cdn.cortextech.io/62264af8-6ced-4c06-9917-b872092fe532.png,ASV;MCO,ASV;ASM,LDLC ASVEL Villeurbanne;AS Monaco,https://media-cdn.incrowdsports.com/e33c6d1a-95ca-4dbc-b8cb-0201812104cc.png;https://media-cdn.incrowdsports.com/89ed276a-2ba3-413f-8ea2-b3be209ca129.png
12,161.0,87.0,17.380331262939958,4.8,1.1,1.9,57%,0.7,1.9,37.3%,0.6,0.9,73.7%,0.7,1.0,1.7,1.0,0.4,0.7,0.1,0.2,2.0,0.9,3.9,006546,"TAYLOR, JEFFERY",32,https://media-cdn.cortextech.io/900e0281-8293-403f-a89d-3c52b99e5df7.png,MAD,RMB,Real Madrid,https://media-cdn.incrowdsports.com/371b0d9b-9250-4c09-bda7-0686cf024657.png
13,122.0,64.0,9.943989071038253,3.3,1.4,2.1,67.3%,0.0,0.0,0%,0.5,1.0,49.6%,1.0,1.3,2.3,0.5,0.4,0.6,0.3,0.2,1.8,1.0,3.9,006399,"DUVERIOGLU, AHMET",28,https://media-cdn.incrowdsports.com/409afc2e-19a2-4764-badd-a4c751aec011.png,IST;ULK,EFS;FNB,Anadolu Efes Istanbul;Fenerbahce Beko Istanbul,https://media-cdn.cortextech.io/9a463aa2-ceb2-481c-9a95-1cddee0a248e.png;https://media-cdn.cortextech.io/3b7f020e-5b39-49a1-b4b2-efea918edab7.png
14,119.0,35.0,17.04593837535014,6.1,0.6,1.5,41.4%,1.3,3.0,44%,0.9,1.0,86.1%,0.3,0.6,0.9,1.1,0.4,0.6,0.0,0.2,1.9,1.4,4.6,000436,"BERTANS, DAIRIS",31,https://media-cdn.incrowdsports.com/cd515747-e45e-4ce4-97e6-933e25a07e55.png,DAR;MIL;KHI,DDI;AXM;KHI,Darussafaka Basketbol;EA7 Emporio Armani Milan;BC Khimki,https://media-cdn.incrowdsports.com/9ceb124a-7ee1-4db5-8d8c-7d485980b989.png;https://media-cdn.cortextech.io/9512ee73-a0f1-4647-a01e-3c2938aba6b8.png;https://media-cdn.incrowdsports.com/04bd9ac1-e8ed-4b35-8878-272596e5c7d6.png
15,210.0,23.0,13.832301587301588,4.8,0.4,1.0,42.5%,1.0,2.7,38.1%,0.8,0.9,90.9%,0.5,1.1,1.5,1.1,0.7,0.4,0.0,0.1,1.9,1.4,4.7,007990,"DIBARTOLOMEO, JOHN",33,https://media-cdn.cortextech.io/8d21b46c-77f3-4241-834a-c819a514fc58.png,TEL,MTA,Maccabi Rapyd Tel Aviv,https://media-cdn.cortextech.io/1b533342-78f5-4932-b714-a7d80b5826b5.png
16,152.0,63.0,18.986184210526318,5.3,1.1,2.3,47.2%,0.8,2.2,33.3%,0.8,1.0,84%,0.6,1.9,2.5,0.7,0.4,0.7,0.1,0.2,1.9,1.4,4.8,KIR,"KAHUDI, CHARLES",38,https://media-cdn.incrowdsports.com/09c42084-be1d-4b65-b880-9544effea93a.png,ASV,ASV,LDLC ASVEL Villeurbanne,https://media-cdn.incrowdsports.com/e33c6d1a-95ca-4dbc-b8cb-0201812104cc.png
17,155.0,96.0,15.610430107526883,4.9,1.9,3.7,52.4%,0.1,0.3,31.9%,0.7,1.1,68.2%,0.9,1.6,2.5,0.7,0.3,0.9,0.3,0.2,1.6,1.4,5.0,LEM,"RADOSEVIC, LEON",31,https://media-cdn.incrowdsports.com/f2672ef8-4d0b-4018-b5a3-3ef671903ef7.png,BAM;MUN,BRO;BAY,Bamberger Basketball GmbH;FC Bayern Munich,https://media-cdn.incrowdsports.com/85cdd43a-2bbd-4f73-b8f7-76288a5193cb.png;https://media-cdn.incrowdsports.com/817b0e58-d595-4b09-ab0b-1e7cc26249ff.png
18,155.0,76.0,19.016774193548386,7.5,1.1,2.3,51%,1.5,3.9,37.2%,0.9,1.1,78.7%,0.4,1.2,1.5,0.9,0.4,0.7,0.0,0.3,1.8,1.2,5.1,004761,"MARINKOVIC, VANJA",27,https://media-cdn.cortextech.io/ac54fafe-cc49-4d7d-b908-d18b7ddc38b3.png,PAM;BAS;PAR,VBC;BKN;PAR,Valencia Basket;Baskonia Vitoria-Gasteiz;Partizan Mozzart Bet Belgrade,https://media-cdn.cortextech.io/d88f3c71-1519-4b19-8cfb-99e26a4c008e.png;https://media-cdn.cortextech.io/cbc49cb0-99ce-4462-bdb7-56983ee03cf4.png;https://media-cdn.incrowdsports.com/2681304e-77dd-4331-88b1-683078c0fb49.png
19,116.0,26.0,19.774281609195402,3.9,0.6,1.3,42.7%,0.7,2.3,30.1%,0.7,0.9,76.9%,0.3,1.6,1.9,3.3,0.8,1.2,0.1,0.1,2.2,1.4,5.4,LME,"MARKOVIC, STEFAN",34,https://media-cdn.incrowdsports.com/b00db9c1-d63e-4645-a1a9-df3963fe533f.png,MAL;KHI;RED,UNI;KHI;CZV,Unicaja Malaga;BC Khimki;Crvena Zvezda Meridianbet Belgrade,https://media-cdn.incrowdsports.com/6342214b-684b-421f-8960-5d20354458da.png;https://media-cdn.incrowdsports.com/04bd9ac1-e8ed-4b35-8878-272596e5c7d6.png;https://media-cdn.incrowdsports.com/d2eef4a8-62df-4fdd-9076-276004268515.png
20,156.0,102.0,21.525534188034186,5.7,1.3,2.5,49.6%,0.8,2.0,41.4%,0.7,0.8,82.3%,0.4,1.5,1.9,1.6,1.2,0.7,0.1,0.2,2.6,1.0,5.4,005014,"JENKINS, CHARLES",31,https://media-cdn.incrowdsports.com/8c066c12-d0a2-4efd-b648-66abbf812216.png,MIL;KHI;RED;OLY,EA7;KHI;CZV;OLY,EA7 Emporio Armani Milan;BC Khimki;Crvena Zvezda Meridianbet Belgrade;Olympiacos Piraeus,https://media-cdn.cortextech.io/9512ee73-a0f1-4647-a01e-3c2938aba6b8.png;https://media-cdn.incrowdsports.com/04bd9ac1-e8ed-4b35-8878-272596e5c7d6.png;https://media-cdn.incrowdsports.com/d2eef4a8-62df-4fdd-9076-276004268515.png;https://media-cdn.incrowdsports.com/789423ac-3cdf-4b89-b11c-b458aa5f59a6.png
21,174.0,53.0,21.31264367816092,7.4,0.6,1.2,50.7%,1.8,4.3,42.6%,0.7,0.8,85.5%,0.3,1.1,1.4,0.8,0.6,0.6,0.1,0.1,2.0,1.1,5.4,KPD,"MILAKNIS, ARTURAS",35,https://media-cdn.incrowdsports.com/b2c240e5-4df1-4ddc-8314-94c8429f1e40.png,ZAL,ZAL,Zalgiris Kaunas,https://media-cdn.incrowdsports.com/0aa09358-3847-4c4e-b228-3582ee4e536d.png
22,168.0,80.0,14.157142857142858,6.3,1.9,3.1,61.3%,0.5,1.6,32%,1.0,1.2,78.4%,0.9,1.6,2.5,0.7,0.3,0.7,0.4,0.2,2.5,1.1,5.4,002968,"SANLI, SERTAC",33,https://media-cdn.cortextech.io/1dU3kpCqReRp93/1BSdBWIjCbqck7/60394ce8-610a-4994-81ab-382db3c34f54.png,IST;BAR;ULK,EFS;BAR;FBB,Anadolu Efes Istanbul;FC Barcelona;Fenerbahce Beko Istanbul,https://media-cdn.cortextech.io/9a463aa2-ceb2-481c-9a95-1cddee0a248e.png;https://media-cdn.incrowdsports.com/35dfa503-e417-481f-963a-bdf6f013763e.png;https://media-cdn.cortextech.io/3b7f020e-5b39-49a1-b4b2-efea918edab7.png
23,157.0,60.0,17.270063694267517,6.3,0.6,1.2,45.9%,1.5,3.3,45%,0.7,0.8,86.9%,0.6,1.4,2.0,0.6,0.6,0.4,0.2,0.1,2.2,1.2,5.5,003478,"ABRINES, ALEX",31,https://media-cdn.incrowdsports.com/47795ee0-c812-487a-be8a-67900a5ab8d5.png,BAR,FCB,FC Barcelona,https://media-cdn.incrowdsports.com/35dfa503-e417-481f-963a-bdf6f013763e.png
24,119.0,54.0,19.134453781512605,6.6,1.4,2.9,48.7%,0.9,2.8,33.5%,1.0,1.2,85.6%,0.4,1.3,1.7,1.4,0.5,1.1,0.0,0.2,1.6,1.8,5.5,000229,"JACKSON, EDWIN",35,https://media-cdn.cortextech.io/b6d8b256-85dc-407d-a292-9d54802109cf.png,MAL;BAR;BUD;ASV,UNI;FCB;BUD;ASV,Unicaja Malaga;FC Barcelona;KK Buducnost;LDLC ASVEL Villeurbanne,https://media-cdn.incrowdsports.com/6342214b-684b-421f-8960-5d20354458da.png;https://media-cdn.incrowdsports.com/35dfa503-e417-481f-963a-bdf6f013763e.png;https://media-cdn.incrowdsports.com/47161285-94b3-4266-9d23-b722e8600945.png;https://media-cdn.incrowdsports.com/e33c6d1a-95ca-4dbc-b8cb-0201812104cc.png
25,119.0,54.0,16.955742296918768,5.4,0.9,1.8,47.7%,1.1,2.6,41.3%,0.4,0.6,62.3%,0.7,2.0,2.7,0.9,0.4,0.5,0.4,0.1,1.8,0.8,5.5,LHI,"VORONTSEVICH, ANDREY",34,https://media-cdn.incrowdsports.com/a09676f1-c672-4835-92fd-da0b236af387.png,CSK;UNK,CSK;UNK,CSKA Moscow;UNICS Kazan,https://media-cdn.incrowdsports.com/b6a59212-7feb-4f8c-86c2-5e8f07625e3e.png;https://media-cdn.incrowdsports.com/70b00b96-e98a-42ba-9997-39d70a895157.png
26,206.0,62.0,16.70881877022654,6.8,1.4,2.7,52.5%,1.1,2.9,36.3%,0.7,1.0,76.8%,0.5,1.3,1.8,0.8,0.6,0.8,0.1,0.1,1.4,1.2,5.6,004007,"DOBRIC, OGNJEN",30,https://media-cdn.cortextech.io/80c68581-78c5-44b8-b3ea-21555bfaff4f.png,VIR;RED,VIR;CZV,Virtus Bologna;Crvena Zvezda Meridianbet Belgrade,https://media-cdn.cortextech.io/1362801d-dd09-4fd0-932d-ead56063ab77.png;https://media-cdn.incrowdsports.com/d2eef4a8-62df-4fdd-9076-276004268515.png
27,160.0,37.0,17.403020833333333,6.3,1.4,2.7,51.3%,0.9,2.1,43.2%,0.9,1.0,84.1%,0.8,1.6,2.3,0.9,0.6,0.8,0.2,0.2,2.1,1.2,5.8,001557,"GIFFEY, NIELS",33,https://media-cdn.cortextech.io/4238ce12-6d72-4f5a-83dd-fc4a970e13b9.png,BER;ZAL;MUN,BER;ZAL;BAY,ALBA Berlin;Zalgiris Kaunas;FC Bayern Munich,https://media-cdn.incrowdsports.com/ccc34858-22b0-47dc-904c-9940b0a16ff3.png;https://media-cdn.incrowdsports.com/0aa09358-3847-4c4e-b228-3582ee4e536d.png;https://media-cdn.incrowdsports.com/817b0e58-d595-4b09-ab0b-1e7cc26249ff.png
28,186.0,92.0,18.024283154121864,5.9,1.2,2.5,48.8%,0.9,2.3,40%,0.8,1.0,78.5%,0.5,2.0,2.5,1.6,0.4,0.8,0.0,0.1,1.6,1.1,6.2,003733,"ABALDE, ALBERTO",29,https://media-cdn.cortextech.io/72807eac-571d-4e7b-ac26-93986d5d0e80.png,PAM;MAD,VBC;RMB,Valencia Basket;Real Madrid,https://media-cdn.cortextech.io/d88f3c71-1519-4b19-8cfb-99e26a4c008e.png;https://media-cdn.incrowdsports.com/371b0d9b-9250-4c09-bda7-0686cf024657.png
29,138.0,70.0,17.586473429951692,6.0,1.0,2.2,45.9%,1.0,2.6,39.4%,0.9,1.0,84.6%,0.3,1.8,2.1,3.1,0.5,1.7,0.0,0.1,2.1,1.4,6.3,002543,"WESTERMANN, LEO",29,https://media-cdn.incrowdsports.com/d16e0a60-9556-4a0b-baaa-53b11e2315a4.png,LMG;CSK;ZAL;BAR;ULK;MCO,LIM;CSK;ZAL;FCB;FNB;ASM,Limoges Cercle Saint-Pierre;CSKA Moscow;Zalgiris Kaunas;FC Barcelona;Fenerbahce Beko Istanbul;AS Monaco,https://media-cdn.incrowdsports.com/bb6b25c9-7720-4603-96c8-f5f6205e8a19.png;https://media-cdn.incrowdsports.com/b6a59212-7feb-4f8c-86c2-5e8f07625e3e.png;https://media-cdn.incrowdsports.com/0aa09358-3847-4c4e-b228-3582ee4e536d.png;https://media-cdn.incrowdsports.com/35dfa503-e417-481f-963a-bdf6f013763e.png;https://media-cdn.cortextech.io/3b7f020e-5b39-49a1-b4b2-efea918edab7.png;https://media-cdn.incrowdsports.com/89ed276a-2ba3-413f-8ea2-b3be209ca129.png
30,171.0,105.0,17.4088693957115,5.9,1.3,2.5,50.6%,0.9,2.4,37.8%,0.8,1.0,75.1%,0.7,2.2,2.9,0.9,0.5,0.6,0.2,0.2,1.4,1.0,6.3,005938,"ANDERSON, JAMES",32,https://media-cdn.incrowdsports.com/30d59b37-be28-4696-9dbe-6f5fa7273fc1.png,DAR;KHI;IST,DDI;KHI;EFS,Darussafaka Basketbol;BC Khimki;Anadolu Efes Istanbul,https://media-cdn.incrowdsports.com/9ceb124a-7ee1-4db5-8d8c-7d485980b989.png;https://media-cdn.incrowdsports.com/04bd9ac1-e8ed-4b35-8878-272596e5c7d6.png;https://media-cdn.cortextech.io/9a463aa2-ceb2-481c-9a95-1cddee0a248e.png
31,124.0,25.0,23.419086021505375,8.9,1.4,2.8,49%,1.8,4.7,38.9%,0.6,0.8,71.3%,0.5,1.9,2.4,0.8,0.8,0.7,0.1,0.2,2.2,1.1,6.4,002429,"RIVERS, KC",34,https://media-cdn.incrowdsports.com/3605f61f-bb51-48b0-806a-a50629802f2b.png,MAD;PAN;ZAL;DYR;MUN,RMB;PAO;ZAL;ZEN;BAY,Real Madrid;Panathinaikos AKTOR Athens;Zalgiris Kaunas;Zenit St Petersburg;FC Bayern Munich,https://media-cdn.incrowdsports.com/371b0d9b-9250-4c09-bda7-0686cf024657.png;https://media-cdn.incrowdsports.com/e3dff28a-9ec6-4faf-9d96-ecbc68f75780.png;https://media-cdn.incrowdsports.com/0aa09358-3847-4c4e-b228-3582ee4e536d.png;https://media-cdn.incrowdsports.com/4c571fd6-52f1-428c-94a5-9143fbbb4fe3.png;https://media-cdn.incrowdsports.com/817b0e58-d595-4b09-ab0b-1e7cc26249ff.png
32,144.0,23.0,15.732754629629632,9.0,1.8,3.1,57.9%,1.4,3.6,39.7%,1.1,1.1,93.3%,0.3,0.9,1.2,0.6,0.3,0.6,0.1,0.2,1.6,1.4,6.5,001960,"CARROLL, JAYCEE",37,https://media-cdn.incrowdsports.com/4a5fe03a-15f0-460a-b65f-ffeebb39e5a1.png,MAD,RMB,Real Madrid,https://media-cdn.incrowdsports.com/371b0d9b-9250-4c09-bda7-0686cf024657.png
33,143.0,20.0,16.01923076923077,7.4,2.0,3.7,54.9%,0.8,1.9,42.3%,1.0,1.2,80.2%,0.8,1.6,2.4,0.5,0.3,0.7,0.1,0.3,1.2,1.1,6.5,006599,"MOTUM, BROCK",31,https://media-cdn.incrowdsports.com/9d5dd223-7b8b-4b5e-9a22-20852f26b78f.png,ZAL;IST;PAM;MCO,ZAL;EFS;VBC;ASM,Zalgiris Kaunas;Anadolu Efes Istanbul;Valencia Basket;AS Monaco,https://media-cdn.incrowdsports.com/0aa09358-3847-4c4e-b228-3582ee4e536d.png;https://media-cdn.cortextech.io/9a463aa2-ceb2-481c-9a95-1cddee0a248e.png;https://media-cdn.cortextech.io/d88f3c71-1519-4b19-8cfb-99e26a4c008e.png;https://media-cdn.incrowdsports.com/89ed276a-2ba3-413f-8ea2-b3be209ca129.png
34,169.0,90.0,19.008579881656804,5.2,1.1,1.9,56.4%,0.8,2.0,38.1%,0.8,1.0,82%,0.7,2.4,3.1,1.0,0.7,0.8,0.2,0.1,1.8,1.2,6.6,000556,"CLAVER, VICTOR",35,https://media-cdn.incrowdsports.com/980e6d85-289c-47ce-b2b8-e9f25a8ec017.png,TIV;BAR;PAM,LOK;FCB;VBC,Lokomotiv Kuban;FC Barcelona;Valencia Basket,https://media-cdn.incrowdsports.com/10d99d78-4206-411d-83d2-db7abc63c6ae.png;https://media-cdn.incrowdsports.com/35dfa503-e417-481f-963a-bdf6f013763e.png;https://media-cdn.cortextech.io/d88f3c71-1519-4b19-8cfb-99e26a4c008e.png
35,263.0,16.0,16.013751584283906,6.8,1.8,3.5,50.2%,0.7,1.8,38.9%,1.1,1.3,85%,0.2,0.9,1.1,2.2,0.4,1.3,0.0,0.2,1.6,2.2,6.6,003210,"LEKAVICIUS, LUKAS",30,https://media-cdn.incrowdsports.com/e03b2138-ce9d-477b-9745-555d0ff9adb0.png,PAN;ZAL,PAO;ZAL,Panathinaikos AKTOR Athens;Zalgiris Kaunas,https://media-cdn.incrowdsports.com/e3dff28a-9ec6-4faf-9d96-ecbc68f75780.png;https://media-cdn.incrowdsports.com/0aa09358-3847-4c4e-b228-3582ee4e536d.png
36,184.0,164.0,19.317028985507246,5.2,1.0,1.9,55.2%,0.7,1.6,40.9%,1.1,1.3,82.6%,1.0,2.3,3.3,1.1,0.5,0.8,0.3,0.2,2.0,1.3,6.7,JLX,"KURBANOV, NIKITA",35,https://media-cdn.incrowdsports.com/cf7bb2be-da56-4f87-ac38-d91749bb9e17.png,CSK,CSK,CSKA Moscow,https://media-cdn.incrowdsports.com/b6a59212-7feb-4f8c-86c2-5e8f07625e3e.png
37,135.0,64.0,19.30074074074074,9.3,1.5,3.5,44.2%,1.6,4.2,37.4%,1.5,1.9,81.7%,0.3,2.0,2.3,1.2,0.7,1.2,0.1,0.4,2.1,1.8,6.8,008989,"HILLIARD, DARRUN",29,https://media-cdn.incrowdsports.com/093f8c89-2e15-43c1-9bbf-2f48e5e23468.png,BAS;CSK;MUN;TEL,KBA;CSK;BAY;MTA,Baskonia Vitoria-Gasteiz;CSKA Moscow;FC Bayern Munich;Maccabi Rapyd Tel Aviv,https://media-cdn.cortextech.io/cbc49cb0-99ce-4462-bdb7-56983ee03cf4.png;https://media-cdn.incrowdsports.com/b6a59212-7feb-4f8c-86c2-5e8f07625e3e.png;https://media-cdn.incrowdsports.com/817b0e58-d595-4b09-ab0b-1e7cc26249ff.png;https://media-cdn.cortextech.io/1b533342-78f5-4932-b714-a7d80b5826b5.png
38,167.0,53.0,18.211576846307388,5.6,1.2,2.2,57.3%,0.7,1.9,38.2%,1.0,1.3,77.9%,0.6,2.1,2.7,0.9,0.7,0.6,0.2,0.1,1.8,1.6,6.9,007960,"DAVIDOVAC, DEJAN",29,https://media-cdn.cortextech.io/1f3790c6-a754-4e43-b322-9c50695d71d5.png,RED,CZV,Crvena Zvezda Meridianbet Belgrade,https://media-cdn.incrowdsports.com/d2eef4a8-62df-4fdd-9076-276004268515.png
39,246.0,142.0,18.12350948509485,7.0,1.6,2.9,55.2%,1.0,2.3,41.9%,0.9,1.2,72.6%,0.4,1.4,1.8,1.6,0.5,1.0,0.1,0.2,1.6,1.7,6.9,001392,"CAUSEUR, FABIEN",37,https://media-cdn.incrowdsports.com/c02a4dc6-4b7f-4b9e-89ae-10a8ed78fd34.png,BAS;BAM;MAD;MIL,LBO;BRO;RMB;EA7,Baskonia Vitoria-Gasteiz;Bamberger Basketball GmbH;Real Madrid;EA7 Emporio Armani Milan,https://media-cdn.cortextech.io/cbc49cb0-99ce-4462-bdb7-56983ee03cf4.png;https://media-cdn.incrowdsports.com/85cdd43a-2bbd-4f73-b8f7-76288a5193cb.png;https://media-cdn.incrowdsports.com/371b0d9b-9250-4c09-bda7-0686cf024657.png;https://media-cdn.cortextech.io/9512ee73-a0f1-4647-a01e-3c2938aba6b8.png
40,161.0,106.0,21.695238095238096,7.6,2.0,3.9,50.2%,0.8,2.1,39.1%,1.1,1.4,78.3%,0.6,1.7,2.2,1.4,0.7,1.1,0.1,0.2,2.1,1.9,6.9,003526,"LIGHTY, DAVID",36,https://media-cdn.cortextech.io/6eb519a5-da37-4b4b-bc03-467432aa3c8b.png,ASV,ASV,LDLC ASVEL Villeurbanne,https://media-cdn.incrowdsports.com/e33c6d1a-95ca-4dbc-b8cb-0201812104cc.png
41,145.0,109.0,16.0848275862069,5.3,2.0,3.2,62.2%,0.0,0.0,0%,1.3,1.9,68.1%,1.7,2.5,4.1,0.3,0.3,1.0,0.6,0.2,2.7,2.0,7.0,008004,"TARCZEWSKI, KALEB",28,https://media-cdn.incrowdsports.com/f276b900-872b-408d-9474-becf63a21411.png,MIL,AXM,EA7 Emporio Armani Milan,https://media-cdn.cortextech.io/9512ee73-a0f1-4647-a01e-3c2938aba6b8.png
42,190.0,82.0,18.229649122807018,7.1,1.9,3.0,62%,0.8,2.2,36.2%,1.0,1.2,83.2%,1.0,2.4,3.4,0.8,0.4,1.0,0.1,0.2,2.2,1.5,7.1,007109,"SMITS, ROLANDS",29,https://media-cdn.cortextech.io/d4e2115d-e8a8-497e-9522-f11f7d7d0336.png,BAR;ZAL;IST,FCB;ZAL;EFS,FC Barcelona;Zalgiris Kaunas;Anadolu Efes Istanbul,https://media-cdn.incrowdsports.com/35dfa503-e417-481f-963a-bdf6f013763e.png;https://media-cdn.incrowdsports.com/0aa09358-3847-4c4e-b228-3582ee4e536d.png;https://media-cdn.cortextech.io/9a463aa2-ceb2-481c-9a95-1cddee0a248e.png
43,235.0,137.0,22.06063829787234,7.5,2.0,3.8,52.4%,0.9,2.7,31.8%,0.9,1.3,70.7%,0.7,2.4,3.0,1.1,0.5,0.9,0.3,0.2,1.7,1.6,7.1,005161,"PAPAPETROU, IOANNIS",30,https://media-cdn.incrowdsports.com/34435fbb-b543-4cdd-84f6-62cf44448c88.png,OLY;PAR;PAN,OLY;PAR;PAO,Olympiacos Piraeus;Partizan Mozzart Bet Belgrade;Panathinaikos AKTOR Athens,https://media-cdn.incrowdsports.com/789423ac-3cdf-4b89-b11c-b458aa5f59a6.png;https://media-cdn.incrowdsports.com/2681304e-77dd-4331-88b1-683078c0fb49.png;https://media-cdn.incrowdsports.com/e3dff28a-9ec6-4faf-9d96-ecbc68f75780.png
44,120.0,30.0,19.792777777777776,8.4,1.2,2.7,45.8%,1.7,3.7,46.1%,0.9,1.0,89.8%,0.2,1.3,1.5,1.8,0.4,1.1,0.0,0.1,1.6,1.6,7.4,004178,"KOPONEN, PETTERI",31,https://media-cdn.incrowdsports.com/5c9a31dd-c891-4ca0-89fa-8769213a08f6.png,KHI;BAR;MUN,KHI;FCB;BAY,BC Khimki;FC Barcelona;FC Bayern Munich,https://media-cdn.incrowdsports.com/04bd9ac1-e8ed-4b35-8878-272596e5c7d6.png;https://media-cdn.incrowdsports.com/35dfa503-e417-481f-963a-bdf6f013763e.png;https://media-cdn.incrowdsports.com/817b0e58-d595-4b09-ab0b-1e7cc26249ff.png
45,154.0,124.0,14.927056277056279,5.1,2.1,3.7,56.2%,0.0,0.0,0%,1.0,1.5,64.6%,1.9,2.6,4.5,0.5,0.5,0.7,0.3,0.3,1.5,1.4,7.6,003479,"KUZMIC, OGNJEN",33,https://media-cdn.incrowdsports.com/5b845a58-65c2-419e-922a-32dc3870e9ab.png,PAN;MAD;RED,PAO;RMB;CZV,Panathinaikos AKTOR Athens;Real Madrid;Crvena Zvezda Meridianbet Belgrade,https://media-cdn.incrowdsports.com/e3dff28a-9ec6-4faf-9d96-ecbc68f75780.png;https://media-cdn.incrowdsports.com/371b0d9b-9250-4c09-bda7-0686cf024657.png;https://media-cdn.incrowdsports.com/d2eef4a8-62df-4fdd-9076-276004268515.png
46,129.0,67.0,20.68217054263566,7.8,2.2,4.6,47.2%,0.7,2.0,35.4%,1.2,1.5,81.7%,0.3,1.7,2.0,3.1,0.7,1.3,0.0,0.2,2.1,1.7,7.7,007982,"WILLIAMS-GOSS, NIGEL",30,https://media-cdn.cortextech.io/657693b6-df7a-4f83-b8d6-10c2ed158dce.png,MAD;OLY,RMB;OLY,Real Madrid;Olympiacos Piraeus,https://media-cdn.incrowdsports.com/371b0d9b-9250-4c09-bda7-0686cf024657.png;https://media-cdn.incrowdsports.com/789423ac-3cdf-4b89-b11c-b458aa5f59a6.png
47,174.0,33.0,17.159961685823756,6.9,2.1,4.0,52.4%,0.5,1.4,40.4%,1.1,1.3,79%,0.4,1.4,1.9,2.8,0.4,1.6,0.0,0.2,1.4,1.8,7.7,007519,"JOKUBAITIS, ROKAS",24,https://media-cdn.incrowdsports.com/14dcf6c1-2b5d-40fe-98d5-d6a38a8b9ba2.png,ZAL;BAR;TEL,ZAL;BAR;MTA,Zalgiris Kaunas;FC Barcelona;Maccabi Rapyd Tel Aviv,https://media-cdn.incrowdsports.com/0aa09358-3847-4c4e-b228-3582ee4e536d.png;https://media-cdn.incrowdsports.com/35dfa503-e417-481f-963a-bdf6f013763e.png;https://media-cdn.cortextech.io/1b533342-78f5-4932-b714-a7d80b5826b5.png
48,248.0,111.0,19.52614247311828,9.0,1.8,3.6,49.8%,1.4,3.6,38.8%,1.2,1.4,81%,0.2,1.4,1.6,2.6,0.6,1.6,0.0,0.5,1.6,2.0,7.8,007032,"LO, MAODO",32,https://media-cdn.cortextech.io/4f56a0f9-4aaa-4477-aebc-68205cdbb245.png,BAM;MUN;BER;MIL;PRS,BRO;BAY;BER;EA7;PBB,Bamberger Basketball GmbH;FC Bayern Munich;ALBA Berlin;EA7 Emporio Armani Milan;Paris Basketball,https://media-cdn.incrowdsports.com/85cdd43a-2bbd-4f73-b8f7-76288a5193cb.png;https://media-cdn.incrowdsports.com/817b0e58-d595-4b09-ab0b-1e7cc26249ff.png;https://media-cdn.incrowdsports.com/ccc34858-22b0-47dc-904c-9940b0a16ff3.png;https://media-cdn.cortextech.io/9512ee73-a0f1-4647-a01e-3c2938aba6b8.png;https://media-cdn.incrowdsports.com/a033e5b3-0de7-48a3-98d9-d9a4b9df1f39.png
49,147.0,44.0,19.972562358276644,7.9,1.4,2.7,53%,1.3,3.0,41.1%,1.3,1.5,87.6%,0.1,1.5,1.6,2.2,0.6,0.9,0.0,0.1,1.8,1.6,7.8,000046,"STRELNIEKS, JANIS",32,https://media-cdn.incrowdsports.com/c7e70554-2bee-4d2d-ace6-15e5f07dd0c9.png,BAM;OLY;CSK;ZAL,BRO;OLY;CSK;ZAL,Bamberger Basketball GmbH;Olympiacos Piraeus;CSKA Moscow;Zalgiris Kaunas,https://media-cdn.incrowdsports.com/85cdd43a-2bbd-4f73-b8f7-76288a5193cb.png;https://media-cdn.incrowdsports.com/789423ac-3cdf-4b89-b11c-b458aa5f59a6.png;https://media-cdn.incrowdsports.com/b6a59212-7feb-4f8c-86c2-5e8f07625e3e.png;https://media-cdn.incrowdsports.com/0aa09358-3847-4c4e-b228-3582ee4e536d.png
50,186.0,86.0,20.803046594982078,8.4,1.6,3.3,48.7%,1.4,3.1,43.8%,1.1,1.2,92.8%,0.7,2.5,3.2,1.0,0.4,0.9,0.2,0.2,2.2,1.4,7.8,CCD,"DATOME, LUIGI",35,https://media-cdn.incrowdsports.com/f8f16c97-c272-49fb-9c73-5688cd7bb6f3.png,ULK;MIL,FNB;EA7,Fenerbahce Beko Istanbul;EA7 Emporio Armani Milan,https://media-cdn.cortextech.io/3b7f020e-5b39-49a1-b4b2-efea918edab7.png;https://media-cdn.cortextech.io/9512ee73-a0f1-4647-a01e-3c2938aba6b8.png
51,152.0,53.0,19.298026315789475,9.7,1.5,3.4,45.7%,1.7,4.2,39.6%,1.7,2.2,77.4%,0.4,1.6,2.0,1.5,0.5,1.5,0.1,0.4,1.8,2.5,7.9,009849,"DORSEY, TYLER",28,https://media-cdn.cortextech.io/bc74ec12-71a8-425e-9ff8-e50eefec1f62.png,TEL;ULK;OLY,MTA;FBB;OLY,Maccabi Rapyd Tel Aviv;Fenerbahce Beko Istanbul;Olympiacos Piraeus,https://media-cdn.cortextech.io/1b533342-78f5-4932-b714-a7d80b5826b5.png;https://media-cdn.cortextech.io/3b7f020e-5b39-49a1-b4b2-efea918edab7.png;https://media-cdn.incrowdsports.com/789423ac-3cdf-4b89-b11c-b458aa5f59a6.png
52,215.0,72.0,19.983178294573644,9.3,1.3,3.2,41.4%,1.7,5.2,32%,1.7,2.0,83.3%,0.2,1.3,1.5,3.2,0.5,1.3,0.0,0.1,1.6,2.2,7.9,TGB,"LLULL, SERGIO",37,https://media-cdn.cortextech.io/38500d8f-02b6-40a7-a6b7-c9fb901a0f6e.png,MAD,RMB,Real Madrid,https://media-cdn.incrowdsports.com/371b0d9b-9250-4c09-bda7-0686cf024657.png
53,124.0,56.0,18.30994623655914,8.4,1.1,2.3,47.8%,1.8,4.3,42%,0.8,0.9,89.1%,0.4,1.6,2.0,2.2,0.6,1.2,0.0,0.2,1.8,1.6,7.9,001324,"MUHAMMED, ALI",38,https://media-cdn.incrowdsports.com/93cf69a1-3126-488e-9d3d-7b8118a9b6ae.png,ULK,FNB,Fenerbahce Beko Istanbul,https://media-cdn.cortextech.io/3b7f020e-5b39-49a1-b4b2-efea918edab7.png
54,178.0,80.0,20.62125468164794,8.2,1.3,2.9,46.5%,1.5,3.9,37.1%,1.1,1.4,84.2%,0.3,1.6,1.9,3.0,1.1,1.8,0.1,0.2,1.9,1.8,8.0,007947,"VILDOZA, LUCA",29,https://media-cdn.cortextech.io/45cd50c3-c3b7-4cf6-92ee-f7955216e2da.png,BAS;RED;PAN;OLY,TDS;CZV;PAO;OLY,Baskonia Vitoria-Gasteiz;Crvena Zvezda Meridianbet Belgrade;Panathinaikos AKTOR Athens;Olympiacos Piraeus,https://media-cdn.cortextech.io/cbc49cb0-99ce-4462-bdb7-56983ee03cf4.png;https://media-cdn.incrowdsports.com/d2eef4a8-62df-4fdd-9076-276004268515.png;https://media-cdn.incrowdsports.com/e3dff28a-9ec6-4faf-9d96-ecbc68f75780.png;https://media-cdn.incrowdsports.com/789423ac-3cdf-4b89-b11c-b458aa5f59a6.png
55,158.0,22.0,18.349789029535867,8.3,2.0,3.4,60%,0.8,2.8,30.8%,1.8,2.6,68.2%,0.5,1.4,1.8,1.7,0.9,1.0,0.1,0.3,1.5,2.1,8.0,007853,"MCKISSIC, SHAQUIELLE",34,https://media-cdn.cortextech.io/3e6e2015-538f-45f9-ab34-03ee341681df.png,OLY,OLY,Olympiacos Piraeus,https://media-cdn.incrowdsports.com/789423ac-3cdf-4b89-b11c-b458aa5f59a6.png
56,193.0,20.0,19.460017271157167,6.9,0.5,1.3,41.3%,1.7,4.5,36.9%,0.8,0.9,83%,0.5,1.9,2.4,2.3,0.8,0.7,0.1,0.1,1.4,1.5,8.1,BMT,"FERNANDEZ, RUDY",38,https://media-cdn.incrowdsports.com/81ff9d74-1784-441e-addd-b9198bfdab15.png,MAD,RMB,Real Madrid,https://media-cdn.incrowdsports.com/371b0d9b-9250-4c09-bda7-0686cf024657.png
57,152.0,97.0,22.74013157894737,7.9,2.8,5.1,55.4%,0.3,1.0,26.8%,1.5,2.2,66.2%,1.6,2.2,3.8,1.0,0.8,1.2,0.5,0.3,2.6,2.1,8.2,002980,"GIST, JAMES",35,https://media-cdn.incrowdsports.com/8ac701ad-576d-4103-af5a-12824a52ecf8.png,PAN;RED;MUN;ASV,PAO;CZV;BAY;ASV,Panathinaikos AKTOR Athens;Crvena Zvezda Meridianbet Belgrade;FC Bayern Munich;LDLC ASVEL Villeurbanne,https://media-cdn.incrowdsports.com/e3dff28a-9ec6-4faf-9d96-ecbc68f75780.png;https://media-cdn.incrowdsports.com/d2eef4a8-62df-4fdd-9076-276004268515.png;https://media-cdn.incrowdsports.com/817b0e58-d595-4b09-ab0b-1e7cc26249ff.png;https://media-cdn.incrowdsports.com/e33c6d1a-95ca-4dbc-b8cb-0201812104cc.png
58,174.0,49.0,18.594540229885055,6.0,1.4,2.5,54.8%,0.8,2.4,34.9%,0.8,1.2,64.5%,1.2,2.6,3.8,1.0,0.6,0.5,0.5,0.2,1.5,1.4,8.2,002084,"POLONARA, ACHILLE",33,https://media-cdn.incrowdsports.com/1cbaecd9-0811-4c56-b6db-96ca70ea1141.png,BAS;ULK;IST;ZAL;VIR,TDS;FBB;EFS;ZAL;VIR,Baskonia Vitoria-Gasteiz;Fenerbahce Beko Istanbul;Anadolu Efes Istanbul;Zalgiris Kaunas;Virtus Bologna,https://media-cdn.cortextech.io/cbc49cb0-99ce-4462-bdb7-56983ee03cf4.png;https://media-cdn.cortextech.io/3b7f020e-5b39-49a1-b4b2-efea918edab7.png;https://media-cdn.cortextech.io/9a463aa2-ceb2-481c-9a95-1cddee0a248e.png;https://media-cdn.incrowdsports.com/0aa09358-3847-4c4e-b228-3582ee4e536d.png;https://media-cdn.cortextech.io/1362801d-dd09-4fd0-932d-ead56063ab77.png
59,222.0,151.0,20.675450450450448,7.0,1.8,3.4,52.5%,0.8,2.5,31.6%,1.1,1.6,68.3%,0.6,2.5,3.1,2.1,0.9,1.1,0.4,0.2,2.2,1.9,8.2,005099,"HANGA, ADAM",34,https://media-cdn.incrowdsports.com/f9dd2a24-1b86-4538-aca2-c93136cf6f50.png,BAS;BAR;MAD;RED,LBO;FCB;RMB;CZV,Baskonia Vitoria-Gasteiz;FC Barcelona;Real Madrid;Crvena Zvezda Meridianbet Belgrade,https://media-cdn.cortextech.io/cbc49cb0-99ce-4462-bdb7-56983ee03cf4.png;https://media-cdn.incrowdsports.com/35dfa503-e417-481f-963a-bdf6f013763e.png;https://media-cdn.incrowdsports.com/371b0d9b-9250-4c09-bda7-0686cf024657.png;https://media-cdn.incrowdsports.com/d2eef4a8-62df-4fdd-9076-276004268515.png
60,239.0,136.0,20.54860529986053,7.0,1.4,2.8,48.5%,0.9,2.3,39.9%,1.6,2.0,80%,0.3,2.0,2.4,2.6,0.7,1.3,0.0,0.2,2.6,2.9,8.3,001844,"HACKETT, DANIEL",37,https://media-cdn.cortextech.io/923cef2e-6352-41a8-8db1-791d21db3100.png,OLY;BAM;CSK;VIR,OLY;BRO;CSK;VIR,Olympiacos Piraeus;Bamberger Basketball GmbH;CSKA Moscow;Virtus Bologna,https://media-cdn.incrowdsports.com/789423ac-3cdf-4b89-b11c-b458aa5f59a6.png;https://media-cdn.incrowdsports.com/85cdd43a-2bbd-4f73-b8f7-76288a5193cb.png;https://media-cdn.incrowdsports.com/b6a59212-7feb-4f8c-86c2-5e8f07625e3e.png;https://media-cdn.cortextech.io/1362801d-dd09-4fd0-932d-ead56063ab77.png
61,178.0,72.0,21.09943820224719,9.7,2.6,5.0,52.1%,1.1,3.0,36%,1.2,1.7,74%,1.0,2.0,3.1,0.7,0.4,0.9,0.1,0.2,1.4,1.6,8.4,005094,"THOMAS, DESHAUN",32,https://media-cdn.incrowdsports.com/7be97a88-2526-40f9-838e-454c048cd74c.png,IST;TEL;PAN;MUN;MIL;ASV,EFS;MTA;PAO;BAY;EA7;ASV,Anadolu Efes Istanbul;Maccabi Rapyd Tel Aviv;Panathinaikos AKTOR Athens;FC Bayern Munich;EA7 Emporio Armani Milan;LDLC ASVEL Villeurbanne,https://media-cdn.cortextech.io/9a463aa2-ceb2-481c-9a95-1cddee0a248e.png;https://media-cdn.cortextech.io/1b533342-78f5-4932-b714-a7d80b5826b5.png;https://media-cdn.incrowdsports.com/e3dff28a-9ec6-4faf-9d96-ecbc68f75780.png;https://media-cdn.incrowdsports.com/817b0e58-d595-4b09-ab0b-1e7cc26249ff.png;https://media-cdn.cortextech.io/9512ee73-a0f1-4647-a01e-3c2938aba6b8.png;https://media-cdn.incrowdsports.com/e33c6d1a-95ca-4dbc-b8cb-0201812104cc.png
62,133.0,87.0,22.88245614035088,10.1,2.0,4.2,46.9%,1.4,4.6,29.7%,2.1,2.8,74.6%,0.2,1.4,1.6,4.7,0.5,2.9,0.0,0.7,2.0,3.3,8.6,JUO,"SPANOULIS, VASSILIS",42,https://media-cdn.incrowdsports.com/c32b334a-d142-423f-93f6-e6f1df328d52.png,OLY;MCO,OLY;ASM,Olympiacos Piraeus;AS Monaco,https://media-cdn.incrowdsports.com/789423ac-3cdf-4b89-b11c-b458aa5f59a6.png;https://media-cdn.incrowdsports.com/89ed276a-2ba3-413f-8ea2-b3be209ca129.png
63,126.0,50.0,21.206349206349206,7.2,2.0,3.5,56.5%,0.5,1.6,33.2%,1.7,2.1,79.4%,1.1,2.7,3.8,0.9,0.5,0.8,0.2,0.4,1.8,2.0,8.7,006505,"WHITE, AARON",29,https://media-cdn.incrowdsports.com/b4e8a875-563f-4cf5-8b77-ddf434f16329.png,ZAL;MIL;PAN;RED,ZAL;AXM;PAO;CZV,Zalgiris Kaunas;EA7 Emporio Armani Milan;Panathinaikos AKTOR Athens;Crvena Zvezda Meridianbet Belgrade,https://media-cdn.incrowdsports.com/0aa09358-3847-4c4e-b228-3582ee4e536d.png;https://media-cdn.cortextech.io/9512ee73-a0f1-4647-a01e-3c2938aba6b8.png;https://media-cdn.incrowdsports.com/e3dff28a-9ec6-4faf-9d96-ecbc68f75780.png;https://media-cdn.incrowdsports.com/d2eef4a8-62df-4fdd-9076-276004268515.png
64,153.0,84.0,24.670479302832245,6.8,1.2,2.4,47.5%,1.2,3.4,36.2%,0.8,1.1,80.1%,1.0,2.6,3.6,2.8,1.1,1.1,0.2,0.2,2.4,1.5,8.7,010391,"WEILER-BABB, NICK",29,https://media-cdn.cortextech.io/e23682a9-5374-4706-b343-36f49f61236d.png,MUN,BAY,FC Bayern Munich,https://media-cdn.incrowdsports.com/817b0e58-d595-4b09-ab0b-1e7cc26249ff.png
65,138.0,32.0,18.32004830917874,8.6,1.8,3.4,53.9%,1.4,3.2,42.9%,0.9,1.0,89.6%,0.6,3.1,3.7,0.8,0.5,0.8,0.2,0.2,1.8,1.1,8.7,005836,"THOMPKINS, TREY",33,https://media-cdn.incrowdsports.com/1068c6e6-fae9-4844-a650-4c60e9f46a84.png,MAD;RED,RMB;CZV,Real Madrid;Crvena Zvezda Meridianbet Belgrade,https://media-cdn.incrowdsports.com/371b0d9b-9250-4c09-bda7-0686cf024657.png;https://media-cdn.incrowdsports.com/d2eef4a8-62df-4fdd-9076-276004268515.png
66,167.0,77.0,18.33822355289421,7.5,2.3,4.1,56.6%,0.6,1.7,32.3%,1.2,1.6,70.8%,1.6,2.8,4.3,0.7,0.7,0.8,0.3,0.2,1.7,1.5,8.7,007866,"MITOGLOU, KONSTANTINOS",28,https://media-cdn.cortextech.io/786a3466-8cef-47d3-86c6-487cc42cab85.png,MIL;PAN,AXM;PAO,EA7 Emporio Armani Milan;Panathinaikos AKTOR Athens,https://media-cdn.cortextech.io/9512ee73-a0f1-4647-a01e-3c2938aba6b8.png;https://media-cdn.incrowdsports.com/e3dff28a-9ec6-4faf-9d96-ecbc68f75780.png
67,162.0,74.0,17.266049382716048,6.9,2.6,4.4,59.3%,0.1,0.2,30.3%,1.4,2.2,66.3%,1.5,2.4,3.8,1.5,0.4,1.3,0.2,0.3,2.0,2.2,8.7,002553,"MITROVIC, LUKA",31,https://media-cdn.incrowdsports.com/a68d0c8a-9eb6-4474-962c-16864ab255db.png,BAM;RED,BRO;CZV,Bamberger Basketball GmbH;Crvena Zvezda Meridianbet Belgrade,https://media-cdn.incrowdsports.com/85cdd43a-2bbd-4f73-b8f7-76288a5193cb.png;https://media-cdn.incrowdsports.com/d2eef4a8-62df-4fdd-9076-276004268515.png
68,200.0,77.0,19.02725,8.2,1.6,2.8,55.6%,1.3,2.8,46.3%,1.2,1.3,89.8%,0.9,2.3,3.2,1.0,0.4,0.7,0.1,0.3,2.0,1.5,8.8,008829,"PETERS, ALEC",29,https://media-cdn.cortextech.io/8feddbf2-03c1-4130-95fe-246f938a74d6.png,CSK;IST;BAS;OLY,CSK;EFS;TDS;OLY,CSKA Moscow;Anadolu Efes Istanbul;Baskonia Vitoria-Gasteiz;Olympiacos Piraeus,https://media-cdn.incrowdsports.com/b6a59212-7feb-4f8c-86c2-5e8f07625e3e.png;https://media-cdn.cortextech.io/9a463aa2-ceb2-481c-9a95-1cddee0a248e.png;https://media-cdn.cortextech.io/cbc49cb0-99ce-4462-bdb7-56983ee03cf4.png;https://media-cdn.incrowdsports.com/789423ac-3cdf-4b89-b11c-b458aa5f59a6.png
69,253.0,220.0,23.25368906455863,7.3,1.3,2.3,55.8%,1.2,3.2,37.1%,1.2,1.6,74.6%,0.7,2.9,3.6,2.0,0.9,1.3,0.3,0.2,1.8,1.5,8.8,001255,"PAPANIKOLAOU, KOSTAS",34,https://media-cdn.cortextech.io/92915bcc-f8c5-44d0-87c0-6fed89e69b69.png,OLY,OLY,Olympiacos Piraeus,https://media-cdn.incrowdsports.com/789423ac-3cdf-4b89-b11c-b458aa5f59a6.png
70,120.0,79.0,20.612777777777776,9.0,3.0,5.6,52.4%,0.8,2.3,34.4%,0.8,1.2,67.9%,0.4,2.0,2.4,3.1,0.7,1.2,0.1,0.4,2.0,1.7,8.8,006555,"WOLTERS, NATE",31,https://media-cdn.incrowdsports.com/3c526125-4fa4-4d9f-8977-0d2272657592.png,ZAL;TEL;RED;PAN,ZAL;MTA;CZV;PAO,Zalgiris Kaunas;Maccabi Rapyd Tel Aviv;Crvena Zvezda Meridianbet Belgrade;Panathinaikos AKTOR Athens,https://media-cdn.incrowdsports.com/0aa09358-3847-4c4e-b228-3582ee4e536d.png;https://media-cdn.cortextech.io/1b533342-78f5-4932-b714-a7d80b5826b5.png;https://media-cdn.incrowdsports.com/d2eef4a8-62df-4fdd-9076-276004268515.png;https://media-cdn.incrowdsports.com/e3dff28a-9ec6-4faf-9d96-ecbc68f75780.png
71,177.0,66.0,17.450282485875704,6.3,2.2,3.6,62.4%,0.2,0.7,32.3%,1.1,1.5,75.4%,1.8,2.7,4.4,0.5,0.5,0.8,0.5,0.2,1.8,1.7,9.0,009035,"BOLOMBOY, JOEL",30,https://media-cdn.cortextech.io/1dU3kpCqReRp93/1BSdBWIjCbqcoI/bb62f12b-8d35-4487-a402-e86621caa387.png,CSK;OLY;RED,CSK;OLY;CZV,CSKA Moscow;Olympiacos Piraeus;Crvena Zvezda Meridianbet Belgrade,https://media-cdn.incrowdsports.com/b6a59212-7feb-4f8c-86c2-5e8f07625e3e.png;https://media-cdn.incrowdsports.com/789423ac-3cdf-4b89-b11c-b458aa5f59a6.png;https://media-cdn.incrowdsports.com/d2eef4a8-62df-4fdd-9076-276004268515.png
72,177.0,101.0,14.86723163841808,7.0,2.8,4.3,65%,0.0,0.0,0%,1.3,2.1,64.3%,1.9,2.7,4.6,0.2,0.3,1.2,0.5,0.2,2.3,2.3,9.0,006568,"FALL, YOUSSOUPHA",29,https://media-cdn.cortextech.io/d1ddd241-43e3-4ae0-bfd7-e382bbeb97a6.png,BAS;ASV;BAR,TDS;ASV;BAR,Baskonia Vitoria-Gasteiz;LDLC ASVEL Villeurbanne;FC Barcelona,https://media-cdn.cortextech.io/cbc49cb0-99ce-4462-bdb7-56983ee03cf4.png;https://media-cdn.incrowdsports.com/e33c6d1a-95ca-4dbc-b8cb-0201812104cc.png;https://media-cdn.incrowdsports.com/35dfa503-e417-481f-963a-bdf6f013763e.png
73,118.0,70.0,21.594774011299435,6.7,1.9,3.6,53%,0.7,1.9,38.9%,0.8,1.2,66.4%,0.4,1.8,2.2,4.4,1.2,1.6,0.1,0.2,2.2,1.6,9.0,004863,"JOVIC, STEFAN",33,https://media-cdn.cortextech.io/8f6a1334-5d45-4d52-bd52-665090df1438.png,RED;MUN;KHI;PAN;PAM,CZV;BAY;KHI;PAO;VBC,Crvena Zvezda Meridianbet Belgrade;FC Bayern Munich;BC Khimki;Panathinaikos AKTOR Athens;Valencia Basket,https://media-cdn.incrowdsports.com/d2eef4a8-62df-4fdd-9076-276004268515.png;https://media-cdn.incrowdsports.com/817b0e58-d595-4b09-ab0b-1e7cc26249ff.png;https://media-cdn.incrowdsports.com/04bd9ac1-e8ed-4b35-8878-272596e5c7d6.png;https://media-cdn.incrowdsports.com/e3dff28a-9ec6-4faf-9d96-ecbc68f75780.png;https://media-cdn.cortextech.io/d88f3c71-1519-4b19-8cfb-99e26a4c008e.png
74,160.0,87.0,19.351458333333333,8.7,1.2,2.3,52.5%,1.6,4.1,39%,1.4,1.6,84.8%,0.4,1.4,1.8,3.9,0.6,1.9,0.0,0.2,2.3,2.4,9.0,006435,"LAPROVITTOLA, NICOLAS",34,https://media-cdn.cortextech.io/d7e43b16-3a21-4087-b04f-89cdaedb7158.png,BAS;MAD;BAR,BKN;RMB;BAR,Baskonia Vitoria-Gasteiz;Real Madrid;FC Barcelona,https://media-cdn.cortextech.io/cbc49cb0-99ce-4462-bdb7-56983ee03cf4.png;https://media-cdn.incrowdsports.com/371b0d9b-9250-4c09-bda7-0686cf024657.png;https://media-cdn.incrowdsports.com/35dfa503-e417-481f-963a-bdf6f013763e.png
75,152.0,85.0,19.34813596491228,5.6,1.6,2.5,64.6%,0.5,1.3,38.7%,0.9,1.2,76.8%,1.1,3.2,4.2,1.2,0.5,0.7,0.2,0.2,1.1,1.3,9.1,007230,"SEDEKERSKIS, TADAS",26,https://media-cdn.cortextech.io/06b5ca08-62cf-4401-96f6-1b8aca1750e5.png,BAS,TDS,Baskonia Vitoria-Gasteiz,https://media-cdn.cortextech.io/cbc49cb0-99ce-4462-bdb7-56983ee03cf4.png
76,275.0,150.0,21.932787878787877,10.5,2.2,4.1,53.1%,1.7,4.1,42%,0.9,1.1,86.7%,0.3,1.5,1.8,1.9,0.7,1.0,0.4,0.2,1.9,1.4,9.1,006590,"BEAUBOIS, RODRIGUE",36,https://media-cdn.cortextech.io/281e3d42-9999-46b7-bbe4-4b03c18af2c5.png,STR;BAS;IST,SIG;BKN;EFS,Strasbourg Illkirch-Graffenstaden Basket;Baskonia Vitoria-Gasteiz;Anadolu Efes Istanbul,https://media-cdn.incrowdsports.com/554f980e-fded-4943-ab5b-541f1f36f6a9.png;https://media-cdn.cortextech.io/cbc49cb0-99ce-4462-bdb7-56983ee03cf4.png;https://media-cdn.cortextech.io/9a463aa2-ceb2-481c-9a95-1cddee0a248e.png
77,260.0,127.0,20.56794871794872,7.2,2.9,4.8,60.6%,0.0,0.0,22.2%,1.4,2.1,67.6%,1.8,2.2,4.0,1.3,0.7,1.0,0.7,0.5,2.5,2.0,9.4,002812,"HINES, KYLE",37,https://media-cdn.incrowdsports.com/24f75c32-e4db-499d-b2e6-d46f52986033.png,CSK;MIL,CSK;EA7,CSKA Moscow;EA7 Emporio Armani Milan,https://media-cdn.incrowdsports.com/b6a59212-7feb-4f8c-86c2-5e8f07625e3e.png;https://media-cdn.cortextech.io/9512ee73-a0f1-4647-a01e-3c2938aba6b8.png
78,289.0,233.0,25.336505190311417,7.4,1.8,3.6,49.5%,0.7,1.8,36.7%,1.8,2.2,82.3%,1.1,2.2,3.3,2.0,0.6,1.2,0.1,0.2,2.1,2.7,9.4,002329,"ULANOVAS, EDGARAS",32,https://media-cdn.cortextech.io/c37e8132-0498-4172-8e32-4c7044bd4370.png,ULK;ZAL,FNB;ZAL,Fenerbahce Beko Istanbul;Zalgiris Kaunas,https://media-cdn.cortextech.io/3b7f020e-5b39-49a1-b4b2-efea918edab7.png;https://media-cdn.incrowdsports.com/0aa09358-3847-4c4e-b228-3582ee4e536d.png
79,274.0,208.0,25.089233576642336,8.4,2.2,4.1,54.1%,0.9,2.4,35.3%,1.4,1.9,75.4%,0.8,2.6,3.4,2.2,0.8,1.6,0.2,0.3,2.1,2.4,9.4,004866,"KALINIC, NIKOLA",33,https://media-cdn.cortextech.io/8b1112da-0b01-4305-b27a-c6424ef1f54f.png,ULK;PAM;BAR;RED,FNB;VBC;BAR;CZV,Fenerbahce Beko Istanbul;Valencia Basket;FC Barcelona;Crvena Zvezda Meridianbet Belgrade,https://media-cdn.cortextech.io/3b7f020e-5b39-49a1-b4b2-efea918edab7.png;https://media-cdn.cortextech.io/d88f3c71-1519-4b19-8cfb-99e26a4c008e.png;https://media-cdn.incrowdsports.com/35dfa503-e417-481f-963a-bdf6f013763e.png;https://media-cdn.incrowdsports.com/d2eef4a8-62df-4fdd-9076-276004268515.png
80,205.0,149.0,23.818373983739836,7.7,1.3,2.9,44.7%,1.1,2.8,40.2%,1.7,2.2,77%,1.0,3.2,4.3,0.8,1.0,1.0,0.6,0.2,2.6,2.6,9.4,006614,"SINGLETON, CHRIS",33,https://media-cdn.incrowdsports.com/02dfdeac-8cf8-4698-b707-419a7a4c66b4.png,TIV;PAN;BAR;IST,LOK;PAO;FCB;EFS,Lokomotiv Kuban;Panathinaikos AKTOR Athens;FC Barcelona;Anadolu Efes Istanbul,https://media-cdn.incrowdsports.com/10d99d78-4206-411d-83d2-db7abc63c6ae.png;https://media-cdn.incrowdsports.com/e3dff28a-9ec6-4faf-9d96-ecbc68f75780.png;https://media-cdn.incrowdsports.com/35dfa503-e417-481f-963a-bdf6f013763e.png;https://media-cdn.cortextech.io/9a463aa2-ceb2-481c-9a95-1cddee0a248e.png
81,239.0,93.0,20.893444909344492,9.5,1.8,3.2,57.3%,1.3,3.5,37.5%,1.9,2.2,86%,0.4,1.9,2.3,2.5,0.8,1.7,0.1,0.2,2.4,2.4,9.5,004004,"GUDURIC, MARKO",29,https://media-cdn.cortextech.io/ac49a13d-0aaa-4ce6-9fda-1292739525ca.png,RED;ULK,CZV;FNB,Crvena Zvezda Meridianbet Belgrade;Fenerbahce Beko Istanbul,https://media-cdn.incrowdsports.com/d2eef4a8-62df-4fdd-9076-276004268515.png;https://media-cdn.cortextech.io/3b7f020e-5b39-49a1-b4b2-efea918edab7.png
82,229.0,130.0,16.493085880640464,8.3,3.1,5.2,59.7%,0.4,1.0,37.1%,1.0,1.2,84.9%,1.4,2.5,3.9,0.5,0.3,0.8,0.6,0.2,1.6,1.4,9.5,LHK,"PLEISS, TIBOR",35,https://media-cdn.incrowdsports.com/34479264-00b5-47ff-bcea-6f3aed97303e.png,GAL;PAM;IST;PAN,GSO;VBC;EFS;PAO,Galatasaray Spor Kulubu;Valencia Basket;Anadolu Efes Istanbul;Panathinaikos AKTOR Athens,https://media-cdn.cortextech.io/95056dbe-7949-4b65-921d-ed9b59c0791c.png;https://media-cdn.cortextech.io/d88f3c71-1519-4b19-8cfb-99e26a4c008e.png;https://media-cdn.cortextech.io/9a463aa2-ceb2-481c-9a95-1cddee0a248e.png;https://media-cdn.incrowdsports.com/e3dff28a-9ec6-4faf-9d96-ecbc68f75780.png
83,217.0,56.0,20.3852534562212,8.9,1.6,3.1,51%,1.6,4.3,36.7%,1.1,1.2,85.6%,0.2,1.6,1.8,4.7,0.7,1.9,0.1,0.2,2.0,1.8,9.5,CVM,"RODRIGUEZ, SERGIO",37,https://media-cdn.incrowdsports.com/d605b7e7-d619-4620-93b1-5979b22592bc.png,CSK;MIL;MAD,CSK;AXM;RMB,CSKA Moscow;EA7 Emporio Armani Milan;Real Madrid,https://media-cdn.incrowdsports.com/b6a59212-7feb-4f8c-86c2-5e8f07625e3e.png;https://media-cdn.cortextech.io/9512ee73-a0f1-4647-a01e-3c2938aba6b8.png;https://media-cdn.incrowdsports.com/371b0d9b-9250-4c09-bda7-0686cf024657.png
84,126.0,69.0,21.72936507936508,7.0,1.8,3.2,55.4%,0.8,2.0,37.6%,1.2,1.4,83.8%,1.1,2.6,3.7,1.6,0.5,0.9,0.3,0.2,1.2,1.8,9.7,010560,"PIERRE, DYSHAWN",31,https://media-cdn.incrowdsports.com/7f04a6d9-d458-47c5-a453-b089904b8992.png,ULK,FNB,Fenerbahce Beko Istanbul,https://media-cdn.cortextech.io/3b7f020e-5b39-49a1-b4b2-efea918edab7.png
85,141.0,30.0,17.437352245862883,7.1,3.1,4.8,64.4%,0.0,0.0,0%,0.9,1.6,56%,1.6,2.6,4.2,0.3,0.5,0.8,1.0,0.2,1.6,1.5,9.7,004119,"TYUS, ALEX",34,https://media-cdn.incrowdsports.com/3bbdc2a0-64b7-425f-a940-af651d08f39f.png,IST;GAL;TEL;MAD;ASV,EFS;GSO;MTA;RMB;ASV,Anadolu Efes Istanbul;Galatasaray Spor Kulubu;Maccabi Rapyd Tel Aviv;Real Madrid;LDLC ASVEL Villeurbanne,https://media-cdn.cortextech.io/9a463aa2-ceb2-481c-9a95-1cddee0a248e.png;https://media-cdn.cortextech.io/95056dbe-7949-4b65-921d-ed9b59c0791c.png;https://media-cdn.cortextech.io/1b533342-78f5-4932-b714-a7d80b5826b5.png;https://media-cdn.incrowdsports.com/371b0d9b-9250-4c09-bda7-0686cf024657.png;https://media-cdn.incrowdsports.com/e33c6d1a-95ca-4dbc-b8cb-0201812104cc.png
86,181.0,111.0,22.185174953959486,9.3,2.4,4.6,52.6%,1.1,2.8,38%,1.3,1.6,85.8%,0.6,2.9,3.5,2.1,0.8,1.5,0.2,0.4,2.3,2.1,9.7,009846,"BRYANT, ELIJAH",29,https://media-cdn.cortextech.io/c344f0a6-f545-4bfe-b59b-61f8ccce3c0e.png,TEL;IST,MTA;EFS,Maccabi Rapyd Tel Aviv;Anadolu Efes Istanbul,https://media-cdn.cortextech.io/1b533342-78f5-4932-b714-a7d80b5826b5.png;https://media-cdn.cortextech.io/9a463aa2-ceb2-481c-9a95-1cddee0a248e.png
87,185.0,114.0,22.514954954954952,8.2,2.0,3.6,54.8%,1.2,3.2,37%,0.7,0.9,71.6%,1.2,3.8,5.1,1.0,0.7,0.9,0.2,0.1,1.8,1.4,9.7,001833,"MOERMAN, ADRIEN",34,https://media-cdn.incrowdsports.com/f3077405-e32f-4acd-8a10-fdea2de62cee.png,DAR;BAR;IST;MCO,DDI;FCB;EFS;ASM,Darussafaka Basketbol;FC Barcelona;Anadolu Efes Istanbul;AS Monaco,https://media-cdn.incrowdsports.com/9ceb124a-7ee1-4db5-8d8c-7d485980b989.png;https://media-cdn.incrowdsports.com/35dfa503-e417-481f-963a-bdf6f013763e.png;https://media-cdn.cortextech.io/9a463aa2-ceb2-481c-9a95-1cddee0a248e.png;https://media-cdn.incrowdsports.com/89ed276a-2ba3-413f-8ea2-b3be209ca129.png
88,209.0,189.0,23.214912280701757,7.2,1.7,3.3,52.3%,1.0,2.7,35%,0.9,1.1,84.3%,0.6,2.3,2.9,4.3,1.2,1.7,0.1,0.2,2.5,2.0,9.8,008855,"WALKUP, THOMAS",32,https://media-cdn.cortextech.io/5a798730-2697-4550-b3b3-df119a860b18.png,ZAL;OLY,ZAL;OLY,Zalgiris Kaunas;Olympiacos Piraeus,https://media-cdn.incrowdsports.com/0aa09358-3847-4c4e-b228-3582ee4e536d.png;https://media-cdn.incrowdsports.com/789423ac-3cdf-4b89-b11c-b458aa5f59a6.png
89,139.0,102.0,23.405635491606713,8.6,1.8,4.0,44.1%,1.3,3.8,34.8%,1.1,1.4,73.6%,0.3,2.0,2.3,4.3,0.7,1.8,0.0,0.3,1.7,2.9,10.0,003024,"GRANGER, JAYSON",32,https://media-cdn.incrowdsports.com/bfa1e332-4bf3-4410-a53c-8f91f276fc3e.png,IST;BER;BAS,EFS;BER;KBA,Anadolu Efes Istanbul;ALBA Berlin;Baskonia Vitoria-Gasteiz,https://media-cdn.cortextech.io/9a463aa2-ceb2-481c-9a95-1cddee0a248e.png;https://media-cdn.incrowdsports.com/ccc34858-22b0-47dc-904c-9940b0a16ff3.png;https://media-cdn.cortextech.io/cbc49cb0-99ce-4462-bdb7-56983ee03cf4.png
90,164.0,100.0,18.291971544715448,7.6,2.3,4.2,54.4%,0.3,1.0,32.3%,2.0,2.3,85.7%,1.0,3.4,4.4,1.1,0.5,1.1,0.2,0.2,2.3,2.8,10.0,BWI,"JANKUNAS, PAULIUS",37,https://media-cdn.incrowdsports.com/77ba65dc-10e2-4a22-be86-6bb4bd407d08.png,ZAL,ZAL,Zalgiris Kaunas,https://media-cdn.incrowdsports.com/0aa09358-3847-4c4e-b228-3582ee4e536d.png
91,167.0,104.0,21.92175648702595,8.6,2.6,4.3,59.9%,0.5,1.5,36.7%,1.8,2.2,80.6%,0.9,2.7,3.6,1.3,0.5,1.1,0.1,0.3,1.6,2.1,10.1,009005,"DECK, GABRIEL",29,https://media-cdn.cortextech.io/85e6487b-9481-4012-87d5-807d4ae81b30.png,MAD,RMB,Real Madrid,https://media-cdn.incrowdsports.com/371b0d9b-9250-4c09-bda7-0686cf024657.png
92,206.0,109.0,19.48131067961165,7.3,3.0,4.7,64.4%,0.2,0.5,42.7%,0.6,0.9,71.3%,1.5,3.2,4.7,0.6,0.4,0.9,1.2,0.1,1.8,1.0,10.3,005844,"PAPAGIANNIS, GEORGIOS",27,https://media-cdn.cortextech.io/7410bb12-8f97-491b-96e4-264f048acc27.png,PAN;ULK;MCO,PAO;FBB;ASM,Panathinaikos AKTOR Athens;Fenerbahce Beko Istanbul;AS Monaco,https://media-cdn.incrowdsports.com/e3dff28a-9ec6-4faf-9d96-ecbc68f75780.png;https://media-cdn.cortextech.io/3b7f020e-5b39-49a1-b4b2-efea918edab7.png;https://media-cdn.incrowdsports.com/89ed276a-2ba3-413f-8ea2-b3be209ca129.png
93,166.0,79.0,23.385140562248996,10.3,2.1,3.9,54.7%,1.4,3.3,44.1%,1.7,1.9,88.5%,0.6,2.1,2.6,2.0,0.5,1.3,0.2,0.2,1.7,1.8,10.4,007400,"NUNNALLY, JAMES",33,https://media-cdn.incrowdsports.com/e0743b50-f31d-4f3a-95a9-2c96603f4c5e.png,MIL;ULK;TEL;PAR,AXM;FNB;MTA;PAR,EA7 Emporio Armani Milan;Fenerbahce Beko Istanbul;Maccabi Rapyd Tel Aviv;Partizan Mozzart Bet Belgrade,https://media-cdn.cortextech.io/9512ee73-a0f1-4647-a01e-3c2938aba6b8.png;https://media-cdn.cortextech.io/3b7f020e-5b39-49a1-b4b2-efea918edab7.png;https://media-cdn.cortextech.io/1b533342-78f5-4932-b714-a7d80b5826b5.png;https://media-cdn.incrowdsports.com/2681304e-77dd-4331-88b1-683078c0fb49.png
94,200.0,56.0,19.562083333333334,8.1,3.3,5.6,59%,0.1,0.4,35.6%,1.2,1.8,67.7%,2.2,2.9,5.1,0.9,0.7,1.0,0.4,0.3,2.2,1.8,10.5,005160,"HUNTER, OTHELLO",36,https://media-cdn.incrowdsports.com/8768431f-f09d-41f8-8ce3-7a2744883c98.png,OLY;MAD;CSK;TEL;MUN,OLY;RMB;CSK;MTA;BAY,Olympiacos Piraeus;Real Madrid;CSKA Moscow;Maccabi Rapyd Tel Aviv;FC Bayern Munich,https://media-cdn.incrowdsports.com/789423ac-3cdf-4b89-b11c-b458aa5f59a6.png;https://media-cdn.incrowdsports.com/371b0d9b-9250-4c09-bda7-0686cf024657.png;https://media-cdn.incrowdsports.com/b6a59212-7feb-4f8c-86c2-5e8f07625e3e.png;https://media-cdn.cortextech.io/1b533342-78f5-4932-b714-a7d80b5826b5.png;https://media-cdn.incrowdsports.com/817b0e58-d595-4b09-ab0b-1e7cc26249ff.png
95,267.0,152.0,21.22034956304619,7.7,1.9,3.0,61.8%,1.0,2.7,37.4%,0.9,1.2,71.7%,1.3,3.8,5.0,1.9,0.5,1.1,0.3,0.1,1.6,1.3,10.5,007201,"VOIGTMANN, JOHANNES",32,https://media-cdn.cortextech.io/f25b3c46-64c0-4108-8168-c0ac3aa4a6bb.png,BAS;CSK;MIL;MUN,KBA;CSK;EA7;BAY,Baskonia Vitoria-Gasteiz;CSKA Moscow;EA7 Emporio Armani Milan;FC Bayern Munich,https://media-cdn.cortextech.io/cbc49cb0-99ce-4462-bdb7-56983ee03cf4.png;https://media-cdn.incrowdsports.com/b6a59212-7feb-4f8c-86c2-5e8f07625e3e.png;https://media-cdn.cortextech.io/9512ee73-a0f1-4647-a01e-3c2938aba6b8.png;https://media-cdn.incrowdsports.com/817b0e58-d595-4b09-ab0b-1e7cc26249ff.png
96,265.0,160.0,21.527735849056604,7.4,2.9,4.5,63.8%,0.0,0.1,23.5%,1.5,2.4,65%,1.8,2.5,4.3,1.0,0.7,0.8,0.9,0.2,2.6,2.4,10.7,003048,"DUNSTON, BRYANT",38,https://media-cdn.cortextech.io/e3c4915b-e70f-4813-9bdb-43bbbc606e33.png,IST;VIR;ZAL,EFS;VIR;ZAL,Anadolu Efes Istanbul;Virtus Bologna;Zalgiris Kaunas,https://media-cdn.cortextech.io/9a463aa2-ceb2-481c-9a95-1cddee0a248e.png;https://media-cdn.cortextech.io/1362801d-dd09-4fd0-932d-ead56063ab77.png;https://media-cdn.incrowdsports.com/0aa09358-3847-4c4e-b228-3582ee4e536d.png
97,127.0,49.0,19.4249343832021,8.6,2.4,4.6,52.6%,0.6,1.7,33.8%,2.0,2.6,76.1%,1.4,2.7,4.1,1.5,0.6,1.3,0.0,0.5,1.5,3.3,10.8,003958,"THIEMANN, JOHANNES",29,https://media-cdn.incrowdsports.com/8d67d189-5722-4ac9-918c-70c114ff40d9.png,BAM;BER,BRO;BER,Bamberger Basketball GmbH;ALBA Berlin,https://media-cdn.incrowdsports.com/85cdd43a-2bbd-4f73-b8f7-76288a5193cb.png;https://media-cdn.incrowdsports.com/ccc34858-22b0-47dc-904c-9940b0a16ff3.png
98,138.0,68.0,20.938285024154588,9.2,3.0,5.5,54.1%,0.3,0.8,36.7%,2.3,2.9,82.2%,1.5,2.7,4.2,1.0,0.6,1.1,0.3,0.2,2.4,2.9,11.0,006477,"RUBIT, AUGUSTINE",33,https://media-cdn.cortextech.io/b8b4bd90-54ee-4931-8318-01b83d72a58f.png,BAM;OLY;ZAL;MUN,BRO;OLY;ZAL;BAY,Bamberger Basketball GmbH;Olympiacos Piraeus;Zalgiris Kaunas;FC Bayern Munich,https://media-cdn.incrowdsports.com/85cdd43a-2bbd-4f73-b8f7-76288a5193cb.png;https://media-cdn.incrowdsports.com/789423ac-3cdf-4b89-b11c-b458aa5f59a6.png;https://media-cdn.incrowdsports.com/0aa09358-3847-4c4e-b228-3582ee4e536d.png;https://media-cdn.incrowdsports.com/817b0e58-d595-4b09-ab0b-1e7cc26249ff.png
99,137.0,122.0,27.328710462287106,11.1,2.4,5.0,48.5%,1.6,3.8,42%,1.5,1.9,77.9%,0.4,2.5,2.9,2.1,0.8,1.4,0.1,0.2,1.9,2.7,11.0,000529,"MICOV, VLADIMIR",35,https://media-cdn.incrowdsports.com/14753a8e-0ec2-40ab-a26b-50434381d400.png,GAL;MIL,GSO;AXM,Galatasaray Spor Kulubu;EA7 Emporio Armani Milan,https://media-cdn.cortextech.io/95056dbe-7949-4b65-921d-ed9b59c0791c.png;https://media-cdn.cortextech.io/9512ee73-a0f1-4647-a01e-3c2938aba6b8.png
100,162.0,110.0,18.10411522633745,8.5,3.6,5.6,64.4%,0.0,0.0,0%,1.3,1.9,68.1%,1.9,2.5,4.5,0.6,0.4,1.0,0.6,0.4,1.5,1.9,11.0,004554,"ZIZIC, ANTE",27,https://media-cdn.cortextech.io/a78d6cc1-d87a-43f6-a5d8-2dac9c1a9444.png,DAR;TEL;IST;VIR,DDI;MTA;EFS;VIR,Darussafaka Basketbol;Maccabi Rapyd Tel Aviv;Anadolu Efes Istanbul;Virtus Bologna,https://media-cdn.incrowdsports.com/9ceb124a-7ee1-4db5-8d8c-7d485980b989.png;https://media-cdn.cortextech.io/1b533342-78f5-4932-b714-a7d80b5826b5.png;https://media-cdn.cortextech.io/9a463aa2-ceb2-481c-9a95-1cddee0a248e.png;https://media-cdn.cortextech.io/1362801d-dd09-4fd0-932d-ead56063ab77.png
101,139.0,82.0,19.64832134292566,10.0,3.9,6.9,57.1%,0.3,0.8,33.9%,1.3,2.0,64.6%,1.6,2.9,4.4,1.4,0.4,1.3,0.2,0.5,1.7,2.3,11.0,004194,"LAUVERGNE, JOFFREY",33,https://media-cdn.incrowdsports.com/2c5d0d04-968c-4590-9924-d0e7a7b23110.png,ULK;ZAL;ASV,FNB;ZAL;ASV,Fenerbahce Beko Istanbul;Zalgiris Kaunas;LDLC ASVEL Villeurbanne,https://media-cdn.cortextech.io/3b7f020e-5b39-49a1-b4b2-efea918edab7.png;https://media-cdn.incrowdsports.com/0aa09358-3847-4c4e-b228-3582ee4e536d.png;https://media-cdn.incrowdsports.com/e33c6d1a-95ca-4dbc-b8cb-0201812104cc.png
102,131.0,106.0,25.778244274809158,8.2,2.3,3.9,60.4%,0.7,2.0,34.5%,1.5,1.8,82.6%,1.3,2.8,4.2,1.2,0.7,0.6,0.1,0.3,1.4,2.1,11.1,005856,"THOMAS, WILL",35,https://media-cdn.incrowdsports.com/6c821d3c-09c7-4ef4-bc07-6573f1c22c74.png,MAL;PAM;DYR;MCO,UNI;VBC;ZEN;ASM,Unicaja Malaga;Valencia Basket;Zenit St Petersburg;AS Monaco,https://media-cdn.incrowdsports.com/6342214b-684b-421f-8960-5d20354458da.png;https://media-cdn.cortextech.io/d88f3c71-1519-4b19-8cfb-99e26a4c008e.png;https://media-cdn.incrowdsports.com/4c571fd6-52f1-428c-94a5-9143fbbb4fe3.png;https://media-cdn.incrowdsports.com/89ed276a-2ba3-413f-8ea2-b3be209ca129.png
103,135.0,89.0,23.639259259259262,7.1,1.9,3.5,53.5%,0.5,1.6,30.6%,1.8,2.4,75.6%,1.3,3.4,4.7,2.2,0.8,1.7,0.1,0.2,1.8,3.2,11.1,004172,"PONITKA, MATEUSZ",30,https://media-cdn.cortextech.io/1ab6ed9c-aa0c-4dd0-9fb3-81f2ef325aae.png,GSS;DYR;PAN;PAR,ZGA;ZEN;PAO;PAR,GSS Akcyjna;Zenit St Petersburg;Panathinaikos AKTOR Athens;Partizan Mozzart Bet Belgrade,https://media-cdn.incrowdsports.com/abebfbc3-2dcd-4cc5-91f3-37dae527f363.png;https://media-cdn.incrowdsports.com/4c571fd6-52f1-428c-94a5-9143fbbb4fe3.png;https://media-cdn.incrowdsports.com/e3dff28a-9ec6-4faf-9d96-ecbc68f75780.png;https://media-cdn.incrowdsports.com/2681304e-77dd-4331-88b1-683078c0fb49.png
104,189.0,136.0,25.251940035273368,10.3,2.1,3.9,54.5%,1.4,3.9,36.7%,1.7,2.1,81.3%,1.0,2.6,3.7,1.2,1.0,0.8,0.1,0.2,1.6,2.1,11.1,006436,"GIEDRAITIS, ROKAS",32,https://media-cdn.incrowdsports.com/514eb8b6-1987-43f8-b24b-748065632795.png,BER;BAS;RED,BER;TDS;CZV,ALBA Berlin;Baskonia Vitoria-Gasteiz;Crvena Zvezda Meridianbet Belgrade,https://media-cdn.incrowdsports.com/ccc34858-22b0-47dc-904c-9940b0a16ff3.png;https://media-cdn.cortextech.io/cbc49cb0-99ce-4462-bdb7-56983ee03cf4.png;https://media-cdn.incrowdsports.com/d2eef4a8-62df-4fdd-9076-276004268515.png
105,167.0,101.0,25.439121756487022,9.5,2.1,3.9,53.1%,1.4,3.7,36.9%,1.3,1.6,83.5%,0.6,2.9,3.5,3.1,0.7,1.5,0.2,0.1,1.7,1.8,11.2,CPR,"SIMON, KRUNOSLAV",36,https://media-cdn.incrowdsports.com/f075df2b-2237-4157-a9ce-dc9c4233d293.png,MIL;IST,EA7;EFS,EA7 Emporio Armani Milan;Anadolu Efes Istanbul,https://media-cdn.cortextech.io/9512ee73-a0f1-4647-a01e-3c2938aba6b8.png;https://media-cdn.cortextech.io/9a463aa2-ceb2-481c-9a95-1cddee0a248e.png
106,230.0,181.0,24.7268115942029,7.9,2.0,3.8,53.2%,0.9,2.2,39.1%,1.3,1.7,72.9%,1.3,3.9,5.3,1.7,0.9,1.1,0.5,0.1,2.7,2.6,11.3,002849,"MELLI, NICOLO",33,https://media-cdn.cortextech.io/101176a1-0695-40e3-a635-b6ed80d17e6e.png,BAM;MIL;ULK,BRO;EA7;FNB,Bamberger Basketball GmbH;EA7 Emporio Armani Milan;Fenerbahce Beko Istanbul,https://media-cdn.incrowdsports.com/85cdd43a-2bbd-4f73-b8f7-76288a5193cb.png;https://media-cdn.cortextech.io/9512ee73-a0f1-4647-a01e-3c2938aba6b8.png;https://media-cdn.cortextech.io/3b7f020e-5b39-49a1-b4b2-efea918edab7.png
107,193.0,96.0,23.21208981001727,11.6,2.9,5.7,51.2%,1.0,2.5,41.3%,2.6,3.1,86.4%,0.4,1.7,2.1,2.0,0.8,1.5,0.2,0.5,2.1,3.6,11.5,006450,"HIGGINS, CORY",33,https://media-cdn.incrowdsports.com/a1af1166-c6cd-4d7e-a98c-5048329b90df.png,CSK;BAR,CSK;FCB,CSKA Moscow;FC Barcelona,https://media-cdn.incrowdsports.com/b6a59212-7feb-4f8c-86c2-5e8f07625e3e.png;https://media-cdn.incrowdsports.com/35dfa503-e417-481f-963a-bdf6f013763e.png
108,106.0,19.0,21.33034591194969,10.7,1.2,2.4,51.2%,2.0,5.4,37%,2.3,2.6,87.5%,0.3,1.5,1.8,5.7,0.6,2.5,0.1,0.3,2.3,2.6,11.5,JDR,"TEODOSIC, MILOS",37,https://media-cdn.incrowdsports.com/ce7511eb-75b9-4f03-9836-56f4a52e971d.png,CSK;VIR;RED,CSK;VIR;CZV,CSKA Moscow;Virtus Bologna;Crvena Zvezda Meridianbet Belgrade,https://media-cdn.incrowdsports.com/b6a59212-7feb-4f8c-86c2-5e8f07625e3e.png;https://media-cdn.cortextech.io/1362801d-dd09-4fd0-932d-ead56063ab77.png;https://media-cdn.incrowdsports.com/d2eef4a8-62df-4fdd-9076-276004268515.png
109,172.0,118.0,21.54467054263566,10.1,3.4,6.4,54.1%,0.6,1.6,38.2%,1.4,2.1,67.7%,1.0,3.0,4.0,1.1,0.4,0.9,0.2,0.3,1.3,2.7,11.5,AMM,"PRINTEZIS, GEORGIOS",36,https://media-cdn.incrowdsports.com/458c3a1b-4081-4f9e-89ae-46ff1844d461.png,OLY,OLY,Olympiacos Piraeus,https://media-cdn.incrowdsports.com/789423ac-3cdf-4b89-b11c-b458aa5f59a6.png
110,157.0,101.0,25.257218683651804,11.1,2.6,4.5,57%,1.3,3.5,36.5%,2.1,2.9,73.4%,0.7,2.9,3.6,1.0,0.8,1.2,0.2,0.3,1.5,2.6,11.5,009006,"WILLIAMS, DERRICK",31,https://media-cdn.incrowdsports.com/245aaf8f-09c0-4e5a-9a1b-1b010df9bc5a.png,MUN;ULK;PAM;TEL;PAN,BAY;FNB;VBC;MTA;PAO,FC Bayern Munich;Fenerbahce Beko Istanbul;Valencia Basket;Maccabi Rapyd Tel Aviv;Panathinaikos AKTOR Athens,https://media-cdn.incrowdsports.com/817b0e58-d595-4b09-ab0b-1e7cc26249ff.png;https://media-cdn.cortextech.io/3b7f020e-5b39-49a1-b4b2-efea918edab7.png;https://media-cdn.cortextech.io/d88f3c71-1519-4b19-8cfb-99e26a4c008e.png;https://media-cdn.cortextech.io/1b533342-78f5-4932-b714-a7d80b5826b5.png;https://media-cdn.incrowdsports.com/e3dff28a-9ec6-4faf-9d96-ecbc68f75780.png
111,160.0,63.0,22.443333333333335,10.9,3.7,6.4,57.4%,0.6,2.0,31.1%,1.8,2.3,76.1%,1.2,3.3,4.6,0.7,0.7,1.5,1.0,0.4,2.0,2.3,11.6,008847,"MICKEY, JORDAN",29,https://media-cdn.incrowdsports.com/175bee47-c3c4-4356-9758-3cbd94c48871.png,MAD;KHI;DYR;VIR,RMB;KHI;ZEN;VIR,Real Madrid;BC Khimki;Zenit St Petersburg;Virtus Bologna,https://media-cdn.incrowdsports.com/371b0d9b-9250-4c09-bda7-0686cf024657.png;https://media-cdn.incrowdsports.com/04bd9ac1-e8ed-4b35-8878-272596e5c7d6.png;https://media-cdn.incrowdsports.com/4c571fd6-52f1-428c-94a5-9143fbbb4fe3.png;https://media-cdn.cortextech.io/1362801d-dd09-4fd0-932d-ead56063ab77.png
112,200.0,86.0,21.633499999999998,12.9,2.4,4.6,51.1%,2.0,5.4,36.8%,2.2,2.7,84.2%,0.3,1.4,1.7,3.0,0.5,1.8,0.1,0.3,1.9,3.4,11.6,000848,"NEDOVIC, NEMANJA",33,https://media-cdn.cortextech.io/664a91ef-82db-43d9-81c7-30bcbb9d8139.png,MAL;MIL;PAN;RED,UNI;AXM;PAO;CZV,Unicaja Malaga;EA7 Emporio Armani Milan;Panathinaikos AKTOR Athens;Crvena Zvezda Meridianbet Belgrade,https://media-cdn.incrowdsports.com/6342214b-684b-421f-8960-5d20354458da.png;https://media-cdn.cortextech.io/9512ee73-a0f1-4647-a01e-3c2938aba6b8.png;https://media-cdn.incrowdsports.com/e3dff28a-9ec6-4faf-9d96-ecbc68f75780.png;https://media-cdn.incrowdsports.com/d2eef4a8-62df-4fdd-9076-276004268515.png
113,142.0,64.0,21.9887323943662,10.4,2.7,5.4,50.5%,1.1,2.9,39.4%,1.6,2.0,81.7%,0.3,1.7,2.0,5.4,0.7,2.2,0.0,0.4,1.7,2.2,11.7,KLT,"HEURTEL, THOMAS",32,https://media-cdn.cortextech.io/738f1c5e-08d0-477c-9c7c-1a304fef6319.png,IST;BAR;MAD,EFS;FCB;RMB,Anadolu Efes Istanbul;FC Barcelona;Real Madrid,https://media-cdn.cortextech.io/9a463aa2-ceb2-481c-9a95-1cddee0a248e.png;https://media-cdn.incrowdsports.com/35dfa503-e417-481f-963a-bdf6f013763e.png;https://media-cdn.incrowdsports.com/371b0d9b-9250-4c09-bda7-0686cf024657.png
114,173.0,146.0,23.934296724470133,10.2,3.4,5.8,59%,0.6,1.6,36.5%,1.6,2.0,78.6%,1.7,2.8,4.5,1.4,0.6,1.4,0.3,0.2,2.3,2.4,11.7,007056,"BOOKER, DEVIN",33,https://media-cdn.cortextech.io/ea98130c-13f1-4e0b-b8d9-353132cd5816.png,KHI;ULK;MUN,KHI;FBB;BAY,BC Khimki;Fenerbahce Beko Istanbul;FC Bayern Munich,https://media-cdn.incrowdsports.com/04bd9ac1-e8ed-4b35-8878-272596e5c7d6.png;https://media-cdn.cortextech.io/3b7f020e-5b39-49a1-b4b2-efea918edab7.png;https://media-cdn.incrowdsports.com/817b0e58-d595-4b09-ab0b-1e7cc26249ff.png
115,189.0,150.0,26.923985890652556,10.6,2.2,4.3,51%,1.5,3.7,40.1%,1.8,2.2,82.5%,1.2,2.8,4.0,1.3,0.9,1.0,0.2,0.3,2.0,2.6,11.7,008962,"HAYES-DAVIS, NIGEL",30,https://media-cdn.cortextech.io/1dU3kpCqReRp93/1BSdBWIjCbqcoH/2db79cc7-9c4d-4bf2-99ea-d118e1487a69.png,ZAL;BAR;ULK,ZAL;BAR;FBB,Zalgiris Kaunas;FC Barcelona;Fenerbahce Beko Istanbul,https://media-cdn.incrowdsports.com/0aa09358-3847-4c4e-b228-3582ee4e536d.png;https://media-cdn.incrowdsports.com/35dfa503-e417-481f-963a-bdf6f013763e.png;https://media-cdn.cortextech.io/3b7f020e-5b39-49a1-b4b2-efea918edab7.png
116,239.0,131.0,19.914016736401674,10.8,3.8,6.8,55.1%,0.3,0.7,37.5%,2.4,3.2,75.2%,1.2,2.6,3.8,1.6,0.8,1.7,0.4,0.4,2.6,3.4,11.8,007870,"DAVIES, BRANDON",33,https://media-cdn.incrowdsports.com/81408ad9-aed4-4316-8d83-7f2f4eada6cf.png,ZAL;BAR;MIL;PAM;PAR,ZAL;FCB;EA7;VBC;PAR,Zalgiris Kaunas;FC Barcelona;EA7 Emporio Armani Milan;Valencia Basket;Partizan Mozzart Bet Belgrade,https://media-cdn.incrowdsports.com/0aa09358-3847-4c4e-b228-3582ee4e536d.png;https://media-cdn.incrowdsports.com/35dfa503-e417-481f-963a-bdf6f013763e.png;https://media-cdn.cortextech.io/9512ee73-a0f1-4647-a01e-3c2938aba6b8.png;https://media-cdn.cortextech.io/d88f3c71-1519-4b19-8cfb-99e26a4c008e.png;https://media-cdn.incrowdsports.com/2681304e-77dd-4331-88b1-683078c0fb49.png
117,189.0,85.0,19.129541446208112,8.4,3.4,5.5,61.7%,0.0,0.1,26.3%,1.6,2.2,71.9%,2.2,3.3,5.5,0.9,0.6,1.0,1.0,0.3,2.2,2.1,12.3,004887,"POIRIER, VINCENT",31,https://media-cdn.cortextech.io/bce92ebe-03e1-4588-9235-65b7e965b4e4.png,BAS;MAD;IST,KBA;RMB;EFS,Baskonia Vitoria-Gasteiz;Real Madrid;Anadolu Efes Istanbul,https://media-cdn.cortextech.io/cbc49cb0-99ce-4462-bdb7-56983ee03cf4.png;https://media-cdn.incrowdsports.com/371b0d9b-9250-4c09-bda7-0686cf024657.png;https://media-cdn.cortextech.io/9a463aa2-ceb2-481c-9a95-1cddee0a248e.png
118,125.0,94.0,19.529866666666663,8.9,3.6,6.1,59.7%,0.0,0.0,0%,1.7,2.8,59%,1.8,3.3,5.1,1.7,0.5,1.5,0.4,0.2,2.2,3.3,12.4,002507,"TOMIC, ANTE",32,https://media-cdn.incrowdsports.com/2667174b-7474-4889-8212-fc2acb612c1b.png,BAR,FCB,FC Barcelona,https://media-cdn.incrowdsports.com/35dfa503-e417-481f-963a-bdf6f013763e.png
119,179.0,134.0,25.345716945996276,11.7,3.3,6.7,49.1%,1.1,3.5,32.7%,1.7,2.0,85.1%,0.5,2.2,2.8,4.7,1.1,2.4,0.1,0.4,1.8,2.5,12.4,009622,"BROWN, LORENZO",34,https://media-cdn.cortextech.io/8c072cdd-59ae-4c44-8388-6a1903cd239e.png,RED;ULK;UNK;TEL;PAN,CZV;FNB;UNK;MTA;PAO,Crvena Zvezda Meridianbet Belgrade;Fenerbahce Beko Istanbul;UNICS Kazan;Maccabi Rapyd Tel Aviv;Panathinaikos AKTOR Athens,https://media-cdn.incrowdsports.com/d2eef4a8-62df-4fdd-9076-276004268515.png;https://media-cdn.cortextech.io/3b7f020e-5b39-49a1-b4b2-efea918edab7.png;https://media-cdn.incrowdsports.com/70b00b96-e98a-42ba-9997-39d70a895157.png;https://media-cdn.cortextech.io/1b533342-78f5-4932-b714-a7d80b5826b5.png;https://media-cdn.incrowdsports.com/e3dff28a-9ec6-4faf-9d96-ecbc68f75780.png
120,214.0,173.0,25.6398753894081,13.2,1.8,3.8,47.3%,2.5,6.8,37.1%,2.1,2.4,85.3%,0.3,1.7,2.0,3.4,1.2,1.9,0.0,0.3,1.7,3.1,12.5,006661,"WILBEKIN, SCOTTIE",31,https://media-cdn.cortextech.io/cded951a-8867-4298-b0f2-38bbff80dbd6.png,DAR;TEL;ULK,DDI;MTA;FBB,Darussafaka Basketbol;Maccabi Rapyd Tel Aviv;Fenerbahce Beko Istanbul,https://media-cdn.incrowdsports.com/9ceb124a-7ee1-4db5-8d8c-7d485980b989.png;https://media-cdn.cortextech.io/1b533342-78f5-4932-b714-a7d80b5826b5.png;https://media-cdn.cortextech.io/3b7f020e-5b39-49a1-b4b2-efea918edab7.png
121,140.0,109.0,24.73,12.8,2.6,5.2,49.4%,1.6,4.5,35.7%,2.8,3.2,87.6%,0.5,2.5,3.0,2.7,1.0,1.6,0.1,0.3,2.8,3.6,12.5,009754,"LOYD, JORDAN",31,https://media-cdn.cortextech.io/f21f9f12-b440-41a3-87d7-aa3bbe6a36f3.png,PAM;RED;DYR;TEL;MCO,VBC;CZV;ZEN;MTA;ASM,Valencia Basket;Crvena Zvezda Meridianbet Belgrade;Zenit St Petersburg;Maccabi Rapyd Tel Aviv;AS Monaco,https://media-cdn.cortextech.io/d88f3c71-1519-4b19-8cfb-99e26a4c008e.png;https://media-cdn.incrowdsports.com/d2eef4a8-62df-4fdd-9076-276004268515.png;https://media-cdn.incrowdsports.com/4c571fd6-52f1-428c-94a5-9143fbbb4fe3.png;https://media-cdn.cortextech.io/1b533342-78f5-4932-b714-a7d80b5826b5.png;https://media-cdn.incrowdsports.com/89ed276a-2ba3-413f-8ea2-b3be209ca129.png
122,152.0,143.0,21.37510964912281,7.7,3.2,4.3,73.6%,0.0,0.0,0%,1.3,2.5,54.5%,1.7,2.9,4.6,1.9,0.4,1.2,1.0,0.2,2.1,2.8,12.6,008811,"FALL, MOUSTAPHA",32,https://media-cdn.cortextech.io/bc0bef29-4444-425d-97f1-cdb9ae9acb5d.png,ASV;OLY,ASV;OLY,LDLC ASVEL Villeurbanne;Olympiacos Piraeus,https://media-cdn.incrowdsports.com/e33c6d1a-95ca-4dbc-b8cb-0201812104cc.png;https://media-cdn.incrowdsports.com/789423ac-3cdf-4b89-b11c-b458aa5f59a6.png
123,145.0,57.0,19.73919540229885,9.2,3.0,4.9,61.9%,0.0,0.0,100%,3.1,4.4,70.6%,2.1,2.9,5.0,0.5,0.5,0.9,0.8,0.3,2.5,3.6,12.6,003120,"GUDAITIS, ARTURAS",29,https://media-cdn.incrowdsports.com/925b2ddb-a6a2-4cd6-a35d-77086e723606.png,MIL;DYR;PAN,AXM;ZEN;PAO,EA7 Emporio Armani Milan;Zenit St Petersburg;Panathinaikos AKTOR Athens,https://media-cdn.cortextech.io/9512ee73-a0f1-4647-a01e-3c2938aba6b8.png;https://media-cdn.incrowdsports.com/4c571fd6-52f1-428c-94a5-9143fbbb4fe3.png;https://media-cdn.incrowdsports.com/e3dff28a-9ec6-4faf-9d96-ecbc68f75780.png
124,171.0,145.0,27.005847953216374,12.0,2.9,5.4,54.2%,1.5,3.8,38.8%,1.8,2.3,81.3%,0.7,2.7,3.5,1.9,0.8,1.4,0.2,0.3,1.6,2.6,12.7,007831,"SHIELDS, SHAVON",30,https://media-cdn.cortextech.io/fb96bfde-ab98-4253-9fd6-d3ea23b536fa.png,BAS;MIL,KBA;EA7,Baskonia Vitoria-Gasteiz;EA7 Emporio Armani Milan,https://media-cdn.cortextech.io/cbc49cb0-99ce-4462-bdb7-56983ee03cf4.png;https://media-cdn.cortextech.io/9512ee73-a0f1-4647-a01e-3c2938aba6b8.png
125,140.0,113.0,22.37654761904762,8.0,2.4,4.5,54.2%,0.6,1.7,35.6%,1.3,1.8,72.4%,1.7,3.7,5.5,3.7,0.9,2.1,0.3,0.3,2.3,2.9,12.9,006589,"SIKMA, LUKE",34,https://media-cdn.incrowdsports.com/ae703049-980c-4ddc-8c4f-f920ee5e7710.png,BER;OLY,BER;OLY,ALBA Berlin;Olympiacos Piraeus,https://media-cdn.incrowdsports.com/ccc34858-22b0-47dc-904c-9940b0a16ff3.png;https://media-cdn.incrowdsports.com/789423ac-3cdf-4b89-b11c-b458aa5f59a6.png
126,159.0,147.0,27.43658280922432,10.6,2.1,3.6,57.4%,1.2,3.2,39.2%,2.6,3.0,86.8%,0.7,3.1,3.8,1.4,0.9,1.1,0.2,0.2,2.1,3.5,13.1,001288,"LUCIC, VLADIMIR",35,https://media-cdn.cortextech.io/c1901dfd-8e25-4833-a576-ac4ab82d75a6.png,MUN,BAY,FC Bayern Munich,https://media-cdn.incrowdsports.com/817b0e58-d595-4b09-ab0b-1e7cc26249ff.png
127,257.0,244.0,26.82101167315175,9.6,3.0,5.9,50.8%,0.9,3.1,30%,0.9,1.7,52%,0.6,3.5,4.1,6.7,1.3,2.4,0.1,0.4,2.4,2.3,13.1,001932,"CALATHES, NICK",35,https://media-cdn.cortextech.io/485a2561-f9f3-4ba8-b5b8-1631294c4c99.png,PAN;BAR;ULK;MCO,PAO;FCB;FBB;ASM,Panathinaikos AKTOR Athens;FC Barcelona;Fenerbahce Beko Istanbul;AS Monaco,https://media-cdn.incrowdsports.com/e3dff28a-9ec6-4faf-9d96-ecbc68f75780.png;https://media-cdn.incrowdsports.com/35dfa503-e417-481f-963a-bdf6f013763e.png;https://media-cdn.cortextech.io/3b7f020e-5b39-49a1-b4b2-efea918edab7.png;https://media-cdn.incrowdsports.com/89ed276a-2ba3-413f-8ea2-b3be209ca129.png
128,146.0,104.0,26.210388127853882,15.0,3.2,6.2,51.2%,1.8,4.6,39.2%,3.1,3.5,89.8%,0.3,1.7,2.0,2.2,1.0,1.4,0.1,0.5,2.2,3.5,13.5,009862,"PUNTER, KEVIN",31,https://media-cdn.cortextech.io/139997de-48ae-4035-9c35-75b504c82992.png,OLY;RED;MIL;PAR;BAR,OLY;CZV;AXM;PAR;BAR,Olympiacos Piraeus;Crvena Zvezda Meridianbet Belgrade;EA7 Emporio Armani Milan;Partizan Mozzart Bet Belgrade;FC Barcelona,https://media-cdn.incrowdsports.com/789423ac-3cdf-4b89-b11c-b458aa5f59a6.png;https://media-cdn.incrowdsports.com/d2eef4a8-62df-4fdd-9076-276004268515.png;https://media-cdn.cortextech.io/9512ee73-a0f1-4647-a01e-3c2938aba6b8.png;https://media-cdn.incrowdsports.com/2681304e-77dd-4331-88b1-683078c0fb49.png;https://media-cdn.incrowdsports.com/35dfa503-e417-481f-963a-bdf6f013763e.png
129,266.0,104.0,25.279636591478695,10.8,2.0,4.1,48.5%,1.4,3.5,40%,2.6,2.9,89.9%,0.4,2.0,2.3,5.3,0.7,2.2,0.1,0.3,1.6,3.2,13.6,001926,"SLOUKAS, KOSTAS",34,https://media-cdn.cortextech.io/0a26c0f0-41a7-4ffc-8de1-e7cecbcc8338.png,ULK;OLY;PAN,FNB;OLY;PAO,Fenerbahce Beko Istanbul;Olympiacos Piraeus;Panathinaikos AKTOR Athens,https://media-cdn.cortextech.io/3b7f020e-5b39-49a1-b4b2-efea918edab7.png;https://media-cdn.incrowdsports.com/789423ac-3cdf-4b89-b11c-b458aa5f59a6.png;https://media-cdn.incrowdsports.com/e3dff28a-9ec6-4faf-9d96-ecbc68f75780.png
130,166.0,135.0,25.703413654618473,13.7,3.7,7.6,49.1%,1.1,3.5,32.3%,2.9,3.6,80.5%,0.4,2.5,2.9,4.0,1.0,2.5,0.2,0.3,2.4,4.0,13.7,009863,"BALDWIN IV, WADE",28,https://media-cdn.cortextech.io/4421c271-22aa-431d-abd7-99b29a85aea6.png,OLY;MUN;BAS;TEL;ULK,OLY;BAY;BKN;MTA;FBB,Olympiacos Piraeus;FC Bayern Munich;Baskonia Vitoria-Gasteiz;Maccabi Rapyd Tel Aviv;Fenerbahce Beko Istanbul,https://media-cdn.incrowdsports.com/789423ac-3cdf-4b89-b11c-b458aa5f59a6.png;https://media-cdn.incrowdsports.com/817b0e58-d595-4b09-ab0b-1e7cc26249ff.png;https://media-cdn.cortextech.io/cbc49cb0-99ce-4462-bdb7-56983ee03cf4.png;https://media-cdn.cortextech.io/1b533342-78f5-4932-b714-a7d80b5826b5.png;https://media-cdn.cortextech.io/3b7f020e-5b39-49a1-b4b2-efea918edab7.png
131,232.0,122.0,21.617241379310343,11.2,2.7,4.2,63.7%,1.3,3.4,40.2%,1.9,2.2,87.2%,1.2,3.3,4.5,1.2,0.7,0.6,0.2,0.2,1.3,2.0,13.9,003469,"VEZENKOV, SASHA",29,https://media-cdn.cortextech.io/9e32629d-7b41-4a3e-8506-2c7e4b92859d.png,BAR;OLY,FCB;OLY,FC Barcelona;Olympiacos Piraeus,https://media-cdn.incrowdsports.com/35dfa503-e417-481f-963a-bdf6f013763e.png;https://media-cdn.incrowdsports.com/789423ac-3cdf-4b89-b11c-b458aa5f59a6.png
132,184.0,109.0,25.494746376811598,11.6,3.0,5.7,52.7%,0.8,2.0,42.3%,3.1,3.5,86.7%,1.2,3.3,4.6,1.0,0.6,1.2,0.3,0.4,2.0,3.9,14.0,008987,"LEDAY, ZACH",30,https://media-cdn.cortextech.io/2ba1fc70-da04-4497-83bc-7ff3bc0f3c08.png,OLY;ZAL;PAR;MIL,OLY;ZAL;PAR;EA7,Olympiacos Piraeus;Zalgiris Kaunas;Partizan Mozzart Bet Belgrade;EA7 Emporio Armani Milan,https://media-cdn.incrowdsports.com/789423ac-3cdf-4b89-b11c-b458aa5f59a6.png;https://media-cdn.incrowdsports.com/0aa09358-3847-4c4e-b228-3582ee4e536d.png;https://media-cdn.incrowdsports.com/2681304e-77dd-4331-88b1-683078c0fb49.png;https://media-cdn.cortextech.io/9512ee73-a0f1-4647-a01e-3c2938aba6b8.png
133,194.0,133.0,20.560051546391755,8.5,3.2,5.0,63%,0.0,0.0,40%,2.2,2.8,76.1%,2.8,3.4,6.3,0.9,0.5,0.9,0.6,0.3,1.5,3.0,14.6,003941,"MILUTINOV, NIKOLA",30,https://media-cdn.cortextech.io/eaac00b9-51c3-4824-83b3-5d1c9ce00881.png,CSK;OLY,CSK;OLY,CSKA Moscow;Olympiacos Piraeus,https://media-cdn.incrowdsports.com/b6a59212-7feb-4f8c-86c2-5e8f07625e3e.png;https://media-cdn.incrowdsports.com/789423ac-3cdf-4b89-b11c-b458aa5f59a6.png
134,180.0,132.0,28.040925925925926,13.7,3.0,5.4,54.8%,1.7,4.8,36%,2.6,3.1,85.3%,0.3,2.1,2.4,5.0,1.0,2.8,0.0,0.6,2.4,4.1,14.6,002580,"MICIC, VASILIJE",28,https://media-cdn.cortextech.io/2ae4c8f2-6d43-4c69-afe2-e5fb7b9d79f8.png,MUN;RED;ZAL;IST,BAY;CZT;ZAL;EFS,FC Bayern Munich;Crvena Zvezda Meridianbet Belgrade;Zalgiris Kaunas;Anadolu Efes Istanbul,https://media-cdn.incrowdsports.com/817b0e58-d595-4b09-ab0b-1e7cc26249ff.png;https://media-cdn.incrowdsports.com/d2eef4a8-62df-4fdd-9076-276004268515.png;https://media-cdn.incrowdsports.com/0aa09358-3847-4c4e-b228-3582ee4e536d.png;https://media-cdn.cortextech.io/9a463aa2-ceb2-481c-9a95-1cddee0a248e.png
135,169.0,136.0,24.84674556213018,10.3,1.9,3.7,51%,1.3,4.1,32.8%,2.6,2.9,86.9%,0.4,2.2,2.6,5.9,1.4,2.4,0.0,0.3,2.4,4.3,14.7,005928,"CAMPAZZO, FACUNDO",33,https://media-cdn.cortextech.io/c5274543-662b-4958-b6fa-3bf42b944255.png,RED;MAD,CZV;RMB,Crvena Zvezda Meridianbet Belgrade;Real Madrid,https://media-cdn.incrowdsports.com/d2eef4a8-62df-4fdd-9076-276004268515.png;https://media-cdn.incrowdsports.com/371b0d9b-9250-4c09-bda7-0686cf024657.png
136,250.0,177.0,24.713733333333334,11.6,4.6,7.4,62%,0.1,0.2,31.1%,2.3,3.2,71.3%,1.6,3.1,4.8,1.9,1.1,1.4,0.5,0.2,2.6,3.4,15.2,000925,"VESELY, JAN",34,https://media-cdn.cortextech.io/7dff7151-19e6-44b3-ab0c-214861899ad0.png,ULK;BAR,FNB;BAR,Fenerbahce Beko Istanbul;FC Barcelona,https://media-cdn.cortextech.io/3b7f020e-5b39-49a1-b4b2-efea918edab7.png;https://media-cdn.incrowdsports.com/35dfa503-e417-481f-963a-bdf6f013763e.png
137,221.0,105.0,28.05588235294118,13.8,3.5,7.0,49%,1.3,3.9,34.5%,2.9,3.7,77.4%,1.3,4.0,5.3,1.8,0.9,1.6,0.2,0.5,1.9,4.1,15.3,004888,"CLYBURN, WILL",34,https://media-cdn.cortextech.io/26d7203d-d138-432c-8d49-16af75d6895e.png,DAR;CSK;IST;VIR,DDI;CSK;EFS;VIR,Darussafaka Basketbol;CSKA Moscow;Anadolu Efes Istanbul;Virtus Bologna,https://media-cdn.incrowdsports.com/9ceb124a-7ee1-4db5-8d8c-7d485980b989.png;https://media-cdn.incrowdsports.com/b6a59212-7feb-4f8c-86c2-5e8f07625e3e.png;https://media-cdn.cortextech.io/9a463aa2-ceb2-481c-9a95-1cddee0a248e.png;https://media-cdn.cortextech.io/1362801d-dd09-4fd0-932d-ead56063ab77.png
138,227.0,183.0,25.613729809104257,13.0,3.9,7.2,54.9%,0.8,2.1,35.9%,2.9,3.9,72.6%,1.5,3.4,4.8,2.5,0.9,2.2,0.4,0.5,2.3,4.4,15.4,001133,"SHENGELIA, TORNIKE",33,https://media-cdn.cortextech.io/45cc5a88-23f5-4a53-9139-22ebee644841.png,BAS;CSK;VIR,LBO;CSK;VIR,Baskonia Vitoria-Gasteiz;CSKA Moscow;Virtus Bologna,https://media-cdn.cortextech.io/cbc49cb0-99ce-4462-bdb7-56983ee03cf4.png;https://media-cdn.incrowdsports.com/b6a59212-7feb-4f8c-86c2-5e8f07625e3e.png;https://media-cdn.cortextech.io/1362801d-dd09-4fd0-932d-ead56063ab77.png
139,241.0,225.0,22.98326417704011,9.6,3.9,5.6,68.8%,0.0,0.0,0%,1.8,2.6,71.4%,2.6,4.3,6.9,1.1,0.7,1.7,1.7,0.2,2.6,2.8,15.8,005791,"TAVARES, WALTER",32,https://media-cdn.cortextech.io/90f9344a-3a6f-406e-bd33-8218abd2e8f6.png,MAD,RMB,Real Madrid,https://media-cdn.incrowdsports.com/371b0d9b-9250-4c09-bda7-0686cf024657.png
140,246.0,140.0,24.7590108401084,14.8,3.2,5.8,56%,1.6,4.0,41%,3.4,3.7,93.2%,0.3,2.2,2.5,3.9,1.0,2.6,0.1,0.4,1.7,4.5,16.9,002100,"DE COLO, NANDO",37,https://media-cdn.cortextech.io/768e4710-28ed-4e85-b513-3b5f613b9eb2.png,CSK;ULK;ASV,CSK;FNB;ASV,CSKA Moscow;Fenerbahce Beko Istanbul;LDLC ASVEL Villeurbanne,https://media-cdn.incrowdsports.com/b6a59212-7feb-4f8c-86c2-5e8f07625e3e.png;https://media-cdn.cortextech.io/3b7f020e-5b39-49a1-b4b2-efea918edab7.png;https://media-cdn.incrowdsports.com/e33c6d1a-95ca-4dbc-b8cb-0201812104cc.png
141,218.0,135.0,28.202905198776758,14.5,2.3,4.5,51.6%,2.2,5.5,41%,3.1,3.6,87.5%,0.3,2.3,2.7,4.6,1.2,2.2,0.1,0.4,1.4,4.1,17.3,007200,"LARKIN, SHANE",32,https://media-cdn.cortextech.io/8ad5b8f2-3bf2-4ae4-9a49-91160d75f3bb.png,BAS;IST,BKN;EFS,Baskonia Vitoria-Gasteiz;Anadolu Efes Istanbul,https://media-cdn.cortextech.io/cbc49cb0-99ce-4462-bdb7-56983ee03cf4.png;https://media-cdn.cortextech.io/9a463aa2-ceb2-481c-9a95-1cddee0a248e.png
142,127.0,118.0,30.085039370078743,18.9,3.1,6.6,47.5%,2.9,8.6,33.5%,4.0,4.7,84.4%,0.5,2.3,2.8,5.6,1.2,3.2,0.3,0.5,2.0,4.6,17.9,KVZ,"SHVED, ALEXEY",33,https://media-cdn.incrowdsports.com/796ea536-8200-4083-8f74-22fefd9057c0.png,KHI;CSK,KHI;CSK,BC Khimki;CSKA Moscow,https://media-cdn.incrowdsports.com/04bd9ac1-e8ed-4b35-8878-272596e5c7d6.png;https://media-cdn.incrowdsports.com/b6a59212-7feb-4f8c-86c2-5e8f07625e3e.png
143,257.0,204.0,29.549935149156937,17.2,3.7,7.6,48.6%,2.0,5.9,34%,3.8,4.8,79.6%,0.5,2.8,3.3,5.0,1.1,2.2,0.1,0.6,1.8,4.6,17.9,005985,"JAMES, MIKE",34,https://media-cdn.cortextech.io/feff360e-eb96-423c-9538-cc5845b0bdc7.png,BAS;PAN;MIL;CSK;MCO,LBO;PAO;AXM;CSK;ASM,Baskonia Vitoria-Gasteiz;Panathinaikos AKTOR Athens;EA7 Emporio Armani Milan;CSKA Moscow;AS Monaco,https://media-cdn.cortextech.io/cbc49cb0-99ce-4462-bdb7-56983ee03cf4.png;https://media-cdn.incrowdsports.com/e3dff28a-9ec6-4faf-9d96-ecbc68f75780.png;https://media-cdn.cortextech.io/9512ee73-a0f1-4647-a01e-3c2938aba6b8.png;https://media-cdn.incrowdsports.com/b6a59212-7feb-4f8c-86c2-5e8f07625e3e.png;https://media-cdn.incrowdsports.com/89ed276a-2ba3-413f-8ea2-b3be209ca129.png
144,160.0,155.0,26.012812500000003,17.2,3.7,5.9,61.9%,1.9,4.8,39.9%,4.1,4.8,86.3%,1.6,4.3,5.9,1.4,1.0,1.7,0.4,0.2,1.9,4.4,20.5,000796,"MIROTIC, NIKOLA",33,https://media-cdn.cortextech.io/14a40cc3-7032-4b61-937f-fe2d2cd2001b.png,BAR;MIL,FCB;EA7,FC Barcelona;EA7 Emporio Armani Milan,https://media-cdn.incrowdsports.com/35dfa503-e417-481f-963a-bdf6f013763e.png;https://media-cdn.cortextech.io/9512ee73-a0f1-4647-a01e-3c2938aba6b8.png
