teamRanking,gamesPlayed,minutesPlayed,pointsScored,twoPointersMade,twoPointersAttempted,twoPointersPercentage,threePointersMade,threePointersAttempted,threePointersPercentage,freeThrowsMade,freeThrowsAttempted,freeThrowsPercentage,offensiveRebounds,defensiveRebounds,totalRebounds,assists,steals,turnovers,blocks,blocksAgainst,foulsCommited,foulsDrawn,pir,team.code,team.tvCodes,team.name,team.imageUrl,season_year,season_code
1,10.0,40.0,66.4,18.2,38.7,47%,6.3,20.2,31.2%,11.1,14.4,77.1%,10.2,22.3,32.5,16.3,5.8,13.3,1.5,3.0,23.5,18.9,63.9,GSS,ZGA,GSS Akcyjna,https://media-cdn.incrowdsports.com/abebfbc3-2dcd-4cc5-91f3-37dae527f363.png,2015,E2015
2,10.0,40.5,69.0,16.4,34.8,47.1%,8.5,24.7,34.4%,10.7,13.0,82.3%,7.5,19.7,27.2,14.3,5.9,12.5,3.5,2.5,20.3,20.1,67.8,SAS,DSS,Polisportiva Dinamo,https://media-cdn.incrowdsports.com/f2916aea-9c1a-46ff-aa3a-04765cb2a60e.png,2015,E2015
3,10.0,40.0,69.8,18.1,37.1,48.8%,7.7,19.6,39.3%,10.5,14.7,71.4%,8.7,21.5,30.2,17.8,5.5,17.6,1.9,2.2,20.4,19.9,69.8,LMG,LIM,Limoges Cercle Saint-Pierre,https://media-cdn.incrowdsports.com/bb6b25c9-7720-4603-96c8-f5f6205e8a19.png,2015,E2015
4,10.0,40.0,69.7,21.2,41.9,50.6%,5.7,16.7,34.1%,10.2,13.7,74.5%,9.0,25.6,34.6,15.4,5.8,15.1,1.6,1.8,21.5,19.4,72.9,ZAL,ZAL,Zalgiris Kaunas,https://media-cdn.incrowdsports.com/0aa09358-3847-4c4e-b228-3582ee4e536d.png,2015,E2015
5,10.0,40.0,69.8,18.4,36.8,50%,7.0,23.1,30.3%,12.0,17.9,67%,9.4,22.0,31.4,16.1,8.4,13.3,2.2,1.7,19.4,20.1,73.2,KSK,KSK,Karsiyaka Spor Kulubu,https://media-cdn.incrowdsports.com/d4b8a6ca-e46f-4fc2-acc2-5cc7368f7a88.png,2015,E2015
5,10.0,40.0,71.1,21.2,43.3,49%,6.2,18.6,33.3%,10.1,13.6,74.3%,10.0,22.9,32.9,17.8,7.8,15.3,2.7,4.0,20.5,18.7,73.2,STR,SIG,Strasbourg Illkirch-Graffenstaden Basket,https://media-cdn.incrowdsports.com/554f980e-fded-4943-ab5b-541f1f36f6a9.png,2015,E2015
7,10.0,40.0,73.7,19.2,40.3,47.6%,7.1,22.7,31.3%,14.0,18.1,77.3%,10.7,21.5,32.2,16.2,7.3,11.9,1.5,2.4,23.1,21.5,74.2,MIL,EA7,EA7 Emporio Armani Milan,https://media-cdn.cortextech.io/9512ee73-a0f1-4647-a01e-3c2938aba6b8.png,2015,E2015
8,10.0,40.0,75.0,17.2,38.4,44.8%,9.4,23.8,39.5%,12.4,17.0,72.9%,12.3,23.7,36.0,17.3,4.3,13.4,3.1,3.9,23.5,20.3,75.0,TEL,MAC,Maccabi Rapyd Tel Aviv,https://media-cdn.cortextech.io/1b533342-78f5-4932-b714-a7d80b5826b5.png,2015,E2015
9,10.0,40.5,70.4,18.5,39.1,47.3%,7.0,20.9,33.5%,12.4,18.1,68.5%,11.4,24.9,36.3,16.3,6.6,14.6,3.0,2.6,19.2,21.0,77.0,DAR,DDI,Darussafaka Basketbol,https://media-cdn.incrowdsports.com/9ceb124a-7ee1-4db5-8d8c-7d485980b989.png,2015,E2015
10,10.0,40.0,76.6,19.9,39.8,50%,7.4,21.4,34.6%,14.6,20.0,73%,11.7,23.7,35.4,17.4,6.5,15.1,3.5,4.1,22.5,20.1,78.5,RED,CZT,Crvena Zvezda Meridianbet Belgrade,https://media-cdn.incrowdsports.com/d2eef4a8-62df-4fdd-9076-276004268515.png,2015,E2015
11,10.0,40.0,75.0,20.8,40.7,51.1%,6.6,20.0,33%,13.6,17.8,76.4%,10.1,24.9,35.0,16.5,4.9,13.8,1.5,2.6,21.3,21.0,78.7,CED,CED,KK Cedevita Zagreb,https://media-cdn.incrowdsports.com/ba95084a-224c-4d4a-a306-37a386772f64.png,2015,E2015
12,10.0,40.0,76.3,20.4,41.1,49.6%,8.1,22.4,36.2%,11.2,14.2,78.9%,9.9,25.2,35.1,17.9,7.6,12.8,3.1,3.6,20.9,18.7,83.4,MUN,BAY,FC Bayern Munich,https://media-cdn.incrowdsports.com/817b0e58-d595-4b09-ab0b-1e7cc26249ff.png,2015,E2015
13,10.0,41.0,76.1,20.8,41.6,50%,7.3,21.1,34.6%,12.6,18.0,70%,11.9,26.4,38.3,17.4,6.4,12.9,2.8,2.9,21.9,21.5,84.8,OLY,OLY,Olympiacos Piraeus,https://media-cdn.incrowdsports.com/789423ac-3cdf-4b89-b11c-b458aa5f59a6.png,2015,E2015
14,10.0,40.0,76.1,19.5,35.8,54.5%,8.3,25.2,32.9%,12.2,15.3,79.7%,12.7,21.3,34.0,18.1,5.7,12.7,1.8,2.2,18.6,19.0,84.9,MAL,UNI,Unicaja Malaga,https://media-cdn.incrowdsports.com/6342214b-684b-421f-8960-5d20354458da.png,2015,E2015
15,10.0,40.0,75.4,18.6,34.8,53.4%,8.3,22.8,36.4%,13.3,17.5,76%,10.5,24.4,34.9,15.5,8.7,15.5,2.3,2.0,20.6,22.0,85.8,TIV,LOK,Lokomotiv Kuban,https://media-cdn.incrowdsports.com/10d99d78-4206-411d-83d2-db7abc63c6ae.png,2015,E2015
16,10.0,40.0,77.8,20.7,38.0,54.5%,7.5,19.1,39.3%,13.9,18.6,74.7%,8.9,25.1,34.0,17.8,5.2,13.0,2.6,2.9,22.2,20.3,86.0,BAM,BRO,Bamberger Basketball GmbH,https://media-cdn.incrowdsports.com/85cdd43a-2bbd-4f73-b8f7-76288a5193cb.png,2015,E2015
17,10.0,40.0,77.0,19.8,39.6,50%,7.6,20.7,36.7%,14.6,18.8,77.7%,10.0,23.7,33.7,16.7,5.9,11.8,3.3,2.4,19.4,21.2,87.1,ULK,FNB,Fenerbahce Beko Istanbul,https://media-cdn.cortextech.io/3b7f020e-5b39-49a1-b4b2-efea918edab7.png,2015,E2015
18,10.0,40.0,75.6,19.1,35.7,53.5%,7.4,20.3,36.5%,15.2,21.7,70%,8.2,25.5,33.7,20.9,7.9,14.0,2.8,2.4,20.9,21.6,89.2,PAN,PAO,Panathinaikos AKTOR Athens,https://media-cdn.incrowdsports.com/e3dff28a-9ec6-4faf-9d96-ecbc68f75780.png,2015,E2015
19,10.0,40.0,79.8,20.3,38.7,52.5%,8.8,26.2,33.6%,12.8,17.8,71.9%,11.4,25.9,37.3,18.3,8.0,14.0,5.5,4.2,20.8,21.1,90.2,KHI,KHI,BC Khimki,https://media-cdn.incrowdsports.com/04bd9ac1-e8ed-4b35-8878-272596e5c7d6.png,2015,E2015
20,10.0,40.0,82.2,19.4,36.3,53.4%,9.1,23.6,38.6%,16.1,21.6,74.5%,9.9,23.0,32.9,18.7,6.7,10.5,2.9,2.4,18.6,21.9,96.9,BAR,FCB,FC Barcelona,https://media-cdn.incrowdsports.com/35dfa503-e417-481f-963a-bdf6f013763e.png,2015,E2015
21,10.0,41.0,85.4,20.2,39.8,50.8%,9.6,26.0,36.9%,16.2,20.8,77.9%,10.5,27.8,38.3,16.2,8.3,13.0,3.6,2.4,21.5,23.2,97.5,BAS,LBO,Baskonia Vitoria-Gasteiz,https://media-cdn.cortextech.io/cbc49cb0-99ce-4462-bdb7-56983ee03cf4.png,2015,E2015
22,10.0,41.0,86.3,19.8,40.1,49.4%,10.8,23.2,46.6%,14.3,20.9,68.4%,11.1,25.9,37.0,21.0,6.7,14.3,3.7,2.5,22.0,21.9,98.5,IST,EFS,Anadolu Efes Istanbul,https://media-cdn.cortextech.io/9a463aa2-ceb2-481c-9a95-1cddee0a248e.png,2015,E2015
23,10.0,40.0,85.4,20.8,36.8,56.5%,8.7,26.1,33.3%,17.7,22.6,78.3%,12.3,25.7,38.0,20.8,5.8,13.3,3.8,3.6,21.0,24.3,101.9,MAD,RMB,Real Madrid,https://media-cdn.incrowdsports.com/371b0d9b-9250-4c09-bda7-0686cf024657.png,2015,E2015
24,10.0,40.0,91.1,21.3,36.7,58%,9.7,22.7,42.7%,19.4,24.5,79.2%,10.5,24.7,35.2,20.4,7.2,13.0,2.9,2.8,20.7,23.3,110.1,CSK,CSK,CSKA Moscow,https://media-cdn.incrowdsports.com/b6a59212-7feb-4f8c-86c2-5e8f07625e3e.png,2015,E2015
1,30.0,40.166666666666664,73.6,20.3,40.5,50.1%,6.8,20.5,33.1%,12.6,16.8,75%,9.2,22.1,31.4,16.3,9.0,12.0,1.6,3.5,20.2,19.3,77.4,RED,CZV,Crvena Zvezda Meridianbet Belgrade,https://media-cdn.incrowdsports.com/d2eef4a8-62df-4fdd-9076-276004268515.png,2016,E2016
2,30.0,40.166666666666664,71.4,16.5,34.1,48.5%,9.0,23.9,37.8%,11.2,15.2,73.7%,9.4,24.4,33.8,17.2,7.1,14.8,2.0,2.2,18.4,19.8,79.6,BAR,FCB,FC Barcelona,https://media-cdn.incrowdsports.com/35dfa503-e417-481f-963a-bdf6f013763e.png,2016,E2016
3,30.0,40.166666666666664,79.1,19.0,39.2,48.3%,9.1,24.3,37.4%,14.0,19.4,72%,12.0,23.1,35.1,14.3,6.5,11.2,2.5,3.9,20.0,20.5,82.0,DAR,DDI,Darussafaka Basketbol,https://media-cdn.incrowdsports.com/9ceb124a-7ee1-4db5-8d8c-7d485980b989.png,2016,E2016
4,30.0,40.166666666666664,78.0,20.9,40.2,51.9%,8.1,20.7,39.2%,11.9,16.4,72.6%,8.7,25.4,34.1,17.6,5.4,14.2,1.8,2.5,20.2,18.6,82.2,TEL,MTA,Maccabi Rapyd Tel Aviv,https://media-cdn.cortextech.io/1b533342-78f5-4932-b714-a7d80b5826b5.png,2016,E2016
5,30.0,40.166666666666664,76.6,20.3,40.6,50%,7.2,19.6,36.7%,14.3,18.0,79.5%,10.7,22.7,33.4,15.7,5.4,12.6,2.7,2.4,19.2,19.7,83.0,UNK,UNK,UNICS Kazan,https://media-cdn.incrowdsports.com/70b00b96-e98a-42ba-9997-39d70a895157.png,2016,E2016
6,30.0,40.166666666666664,80.7,22.4,42.8,52.5%,7.1,20.2,35%,14.7,19.5,75.3%,11.3,22.1,33.4,17.4,7.0,14.2,1.5,2.7,22.0,20.8,83.9,MIL,EA7,EA7 Emporio Armani Milan,https://media-cdn.cortextech.io/9512ee73-a0f1-4647-a01e-3c2938aba6b8.png,2016,E2016
7,30.0,40.0,78.3,19.9,38.3,52%,8.3,21.2,38.9%,13.7,17.3,79.4%,11.1,22.8,33.9,19.0,4.9,13.6,1.8,3.1,23.3,20.9,83.9,ZAL,ZAL,Zalgiris Kaunas,https://media-cdn.incrowdsports.com/0aa09358-3847-4c4e-b228-3582ee4e536d.png,2016,E2016
8,30.0,40.833333333333336,77.5,18.4,36.2,50.9%,9.5,26.4,36%,12.2,17.0,71.4%,9.9,24.1,33.9,15.3,7.5,11.2,3.2,2.1,19.9,19.4,84.1,PAN,PAO,Panathinaikos AKTOR Athens,https://media-cdn.incrowdsports.com/e3dff28a-9ec6-4faf-9d96-ecbc68f75780.png,2016,E2016
9,30.0,40.333333333333336,79.9,20.1,36.6,54.8%,9.3,23.2,40.2%,11.8,15.0,78.3%,7.4,24.1,31.6,18.2,5.5,12.5,2.7,2.6,21.9,18.9,86.1,BAM,BRO,Bamberger Basketball GmbH,https://media-cdn.incrowdsports.com/85cdd43a-2bbd-4f73-b8f7-76288a5193cb.png,2016,E2016
10,30.0,40.333333333333336,76.2,18.9,36.6,51.6%,8.4,21.9,38.3%,13.3,17.5,75.7%,9.1,23.5,32.6,17.1,6.7,12.5,3.2,2.6,19.5,20.8,86.6,ULK,FNB,Fenerbahce Beko Istanbul,https://media-cdn.cortextech.io/3b7f020e-5b39-49a1-b4b2-efea918edab7.png,2016,E2016
11,30.0,40.166666666666664,77.9,20.1,38.5,52.2%,7.8,23.3,33.5%,14.3,19.4,74%,11.7,25.4,37.1,15.2,6.3,12.8,3.3,2.9,19.7,21.4,86.8,OLY,OLY,Olympiacos Piraeus,https://media-cdn.incrowdsports.com/789423ac-3cdf-4b89-b11c-b458aa5f59a6.png,2016,E2016
12,30.0,40.0,78.2,20.3,39.8,50.9%,9.2,22.7,40.5%,10.0,13.9,72.4%,9.3,22.5,31.9,19.5,6.2,12.0,3.9,2.2,18.8,18.4,88.2,GAL,GSO,Galatasaray Spor Kulubu,https://media-cdn.cortextech.io/95056dbe-7949-4b65-921d-ed9b59c0791c.png,2016,E2016
13,30.0,40.0,81.5,22.1,41.4,53.3%,7.9,22.7,34.8%,13.7,18.0,76.1%,11.1,25.6,36.7,18.0,6.6,13.2,3.1,2.8,21.1,20.3,90.7,BAS,BKN,Baskonia Vitoria-Gasteiz,https://media-cdn.cortextech.io/cbc49cb0-99ce-4462-bdb7-56983ee03cf4.png,2016,E2016
14,30.0,40.666666666666664,84.0,22.6,45.0,50.3%,8.0,23.0,34.8%,14.8,19.7,74.8%,12.7,22.9,35.6,18.5,7.1,11.8,3.3,2.5,18.9,20.9,93.8,IST,EFS,Anadolu Efes Istanbul,https://media-cdn.cortextech.io/9a463aa2-ceb2-481c-9a95-1cddee0a248e.png,2016,E2016
15,30.0,40.333333333333336,87.3,21.3,38.4,55.5%,8.9,21.9,40.6%,17.9,22.0,81.6%,9.5,24.0,33.5,20.4,7.1,14.5,3.3,3.2,22.2,22.4,99.9,CSK,CSK,CSKA Moscow,https://media-cdn.incrowdsports.com/b6a59212-7feb-4f8c-86c2-5e8f07625e3e.png,2016,E2016
16,30.0,40.0,86.2,21.4,37.6,57%,10.0,26.6,37.5%,13.5,17.4,77.4%,11.2,25.5,36.7,20.6,7.0,12.3,2.9,1.9,20.7,20.4,102.1,MAD,RMB,Real Madrid,https://media-cdn.incrowdsports.com/371b0d9b-9250-4c09-bda7-0686cf024657.png,2016,E2016
1,30.0,40.0,77.8,19.3,39.0,49.4%,8.4,24.6,34.1%,14.0,18.6,75.1%,12.2,20.4,32.6,15.8,6.8,10.8,2.4,2.3,23.2,20.8,79.2,RED,CZV,Crvena Zvezda Meridianbet Belgrade,https://media-cdn.incrowdsports.com/d2eef4a8-62df-4fdd-9076-276004268515.png,2017,E2017
2,30.0,40.0,77.0,18.5,36.7,50.5%,8.2,21.5,38.4%,15.2,19.0,79.9%,8.5,23.0,31.5,16.2,4.8,12.2,1.6,2.8,21.8,20.9,79.9,BAM,BRO,Bamberger Basketball GmbH,https://media-cdn.incrowdsports.com/85cdd43a-2bbd-4f73-b8f7-76288a5193cb.png,2017,E2017
3,30.0,40.0,77.4,21.4,42.9,49.9%,7.1,20.7,34.2%,13.3,17.4,76.4%,11.6,21.4,33.1,15.4,5.9,11.0,3.0,3.0,19.0,19.9,82.4,IST,EFS,Anadolu Efes Istanbul,https://media-cdn.cortextech.io/9a463aa2-ceb2-481c-9a95-1cddee0a248e.png,2017,E2017
4,30.0,40.5,78.9,19.6,36.4,53.9%,8.9,25.3,35.2%,13.0,19.1,67.9%,10.5,22.4,32.9,16.3,7.2,11.5,2.4,2.5,22.6,20.8,82.8,PAN,PAO,Panathinaikos AKTOR Athens,https://media-cdn.incrowdsports.com/e3dff28a-9ec6-4faf-9d96-ecbc68f75780.png,2017,E2017
5,30.0,40.0,77.9,18.0,34.4,52.5%,9.7,27.3,35.7%,12.7,17.0,74.5%,10.4,22.2,32.6,18.2,7.2,11.8,3.0,2.2,22.1,19.7,84.3,KHI,KHI,BC Khimki,https://media-cdn.incrowdsports.com/04bd9ac1-e8ed-4b35-8878-272596e5c7d6.png,2017,E2017
6,30.0,40.833333333333336,77.8,19.1,36.7,52.1%,7.6,22.8,33.4%,16.8,22.3,75.6%,10.5,25.8,36.3,16.2,5.4,12.8,1.8,2.5,20.7,22.3,85.6,OLY,OLY,Olympiacos Piraeus,https://media-cdn.incrowdsports.com/789423ac-3cdf-4b89-b11c-b458aa5f59a6.png,2017,E2017
7,30.0,40.666666666666664,81.7,19.9,37.8,52.6%,8.6,23.5,36.7%,16.0,20.6,78%,9.5,22.3,31.8,16.1,5.2,10.6,2.5,2.2,21.4,21.8,87.6,MIL,AXM,EA7 Emporio Armani Milan,https://media-cdn.cortextech.io/9512ee73-a0f1-4647-a01e-3c2938aba6b8.png,2017,E2017
8,30.0,40.333333333333336,78.7,17.5,34.4,50.9%,9.8,24.6,39.8%,14.3,17.2,82.8%,9.0,22.8,31.7,17.3,5.1,11.5,2.1,2.3,18.8,20.8,88.4,PAM,VBC,Valencia Basket,https://media-cdn.cortextech.io/d88f3c71-1519-4b19-8cfb-99e26a4c008e.png,2017,E2017
9,30.0,40.5,81.5,22.5,41.4,54.3%,7.0,16.7,42.2%,15.4,19.9,77.6%,9.8,23.5,33.3,19.6,5.9,13.4,1.8,3.4,23.6,21.8,90.5,ZAL,ZAL,Zalgiris Kaunas,https://media-cdn.incrowdsports.com/0aa09358-3847-4c4e-b228-3582ee4e536d.png,2017,E2017
10,30.0,40.5,79.6,20.6,40.3,51.1%,8.3,23.6,35%,13.6,18.1,74.8%,12.8,22.3,35.2,18.1,6.4,11.9,2.1,2.2,18.0,20.9,90.6,MAL,UNI,Unicaja Malaga,https://media-cdn.incrowdsports.com/6342214b-684b-421f-8960-5d20354458da.png,2017,E2017
11,30.0,40.0,81.3,24.0,46.6,51.5%,6.7,18.7,35.6%,13.3,18.9,70.7%,12.0,24.5,36.5,17.5,6.6,11.3,3.6,2.8,19.4,19.6,91.3,TEL,MTA,Maccabi Rapyd Tel Aviv,https://media-cdn.cortextech.io/1b533342-78f5-4932-b714-a7d80b5826b5.png,2017,E2017
12,30.0,40.0,81.9,21.3,38.8,54.9%,9.3,24.2,38.2%,11.4,15.4,74%,9.6,25.2,34.8,20.5,6.1,12.2,2.2,2.5,21.3,18.8,91.8,BAR,FCB,FC Barcelona,https://media-cdn.incrowdsports.com/35dfa503-e417-481f-963a-bdf6f013763e.png,2017,E2017
13,30.0,40.666666666666664,80.7,20.3,38.0,53.5%,8.5,20.1,42.4%,14.4,18.3,79%,9.6,22.9,32.5,19.4,6.0,11.9,2.9,2.3,20.8,20.9,94.4,ULK,FBD,Fenerbahce Beko Istanbul,https://media-cdn.cortextech.io/3b7f020e-5b39-49a1-b4b2-efea918edab7.png,2017,E2017
14,30.0,40.0,82.9,21.2,37.9,55.9%,9.5,23.8,39.9%,12.0,16.0,75%,9.7,24.3,34.0,19.8,6.0,12.6,3.1,2.7,20.1,19.8,95.1,BAS,BKN,Baskonia Vitoria-Gasteiz,https://media-cdn.cortextech.io/cbc49cb0-99ce-4462-bdb7-56983ee03cf4.png,2017,E2017
15,30.0,40.166666666666664,89.5,23.3,41.4,56.4%,9.0,21.1,42.7%,15.7,19.2,82.1%,9.9,22.8,32.7,18.2,7.7,11.4,3.0,3.2,22.1,21.4,102.3,CSK,CSK,CSKA Moscow,https://media-cdn.incrowdsports.com/b6a59212-7feb-4f8c-86c2-5e8f07625e3e.png,2017,E2017
16,30.0,40.166666666666664,86.2,20.5,36.7,55.9%,9.8,26.1,37.7%,15.7,19.9,79.1%,10.3,25.2,35.6,19.5,6.8,11.2,3.4,2.2,20.1,22.1,103.4,MAD,RMB,Real Madrid,https://media-cdn.incrowdsports.com/371b0d9b-9250-4c09-bda7-0686cf024657.png,2017,E2017
1,30.0,40.0,74.3,19.9,41.3,48.2%,8.0,20.9,38.1%,10.6,14.7,72.3%,9.9,21.6,31.5,14.7,5.8,11.8,2.7,2.4,21.7,18.5,73.2,BUD,BUD,KK Buducnost,https://media-cdn.incrowdsports.com/47161285-94b3-4266-9d23-b722e8600945.png,2018,E2018
2,30.0,40.0,74.6,21.0,41.1,51.1%,6.7,21.1,31.5%,12.6,16.9,74.7%,11.2,22.6,33.8,16.6,5.9,13.9,3.5,3.3,21.4,19.2,76.1,DAR,DTI,Darussafaka Basketbol,https://media-cdn.incrowdsports.com/9ceb124a-7ee1-4db5-8d8c-7d485980b989.png,2018,E2018
3,30.0,40.166666666666664,77.7,19.2,37.5,51.3%,8.8,25.9,34.1%,12.8,17.5,73.1%,10.5,20.9,31.4,17.3,6.7,13.2,2.0,2.3,21.3,20.4,78.9,CAN,HGC,Club Baloncesto Gran Canaria,https://media-cdn.incrowdsports.com/a074edc1-e180-4515-a876-447884b570b1.png,2018,E2018
4,30.0,40.166666666666664,78.2,17.8,32.7,54.4%,10.0,28.7,35%,12.5,16.2,76.8%,9.7,20.5,30.2,18.3,7.6,11.8,3.0,2.6,22.5,19.1,82.2,KHI,KHI,BC Khimki,https://media-cdn.incrowdsports.com/04bd9ac1-e8ed-4b35-8878-272596e5c7d6.png,2018,E2018
5,30.0,40.0,79.2,21.0,39.1,53.7%,8.7,25.8,33.6%,11.2,15.8,70.9%,11.9,24.4,36.3,15.8,6.5,11.8,2.7,2.0,21.3,18.7,84.3,TEL,MTA,Maccabi Rapyd Tel Aviv,https://media-cdn.cortextech.io/1b533342-78f5-4932-b714-a7d80b5826b5.png,2018,E2018
6,30.0,40.333333333333336,79.1,20.4,37.0,55.2%,8.4,22.1,38%,13.0,16.8,77.2%,8.2,21.3,29.5,17.6,6.6,11.6,1.7,2.5,19.5,19.8,86.5,MUN,BAY,FC Bayern Munich,https://media-cdn.incrowdsports.com/817b0e58-d595-4b09-ab0b-1e7cc26249ff.png,2018,E2018
7,30.0,40.166666666666664,79.6,24.3,44.5,54.7%,6.2,19.5,31.6%,12.5,17.9,69.5%,11.1,22.8,33.9,17.1,7.1,11.1,2.8,2.6,21.5,21.1,87.3,PAN,PAO,Panathinaikos AKTOR Athens,https://media-cdn.incrowdsports.com/e3dff28a-9ec6-4faf-9d96-ecbc68f75780.png,2018,E2018
8,30.0,40.166666666666664,77.9,20.8,39.0,53.3%,7.5,21.2,35.3%,13.8,18.6,74.2%,10.8,25.1,36.0,17.6,5.4,12.7,2.1,3.0,17.9,20.0,88.6,OLY,OLY,Olympiacos Piraeus,https://media-cdn.incrowdsports.com/789423ac-3cdf-4b89-b11c-b458aa5f59a6.png,2018,E2018
9,30.0,40.166666666666664,79.0,20.4,38.4,53.3%,7.9,21.6,36.7%,14.3,19.1,75.2%,10.7,24.2,34.9,17.3,6.6,12.9,2.5,2.3,20.2,21.4,89.8,BAR,FCB,FC Barcelona,https://media-cdn.incrowdsports.com/35dfa503-e417-481f-963a-bdf6f013763e.png,2018,E2018
10,30.0,40.5,79.7,21.4,40.3,53.1%,6.4,16.5,38.9%,17.6,21.6,81.4%,9.0,23.5,32.5,18.0,5.9,13.0,1.6,2.8,21.8,23.2,90.3,ZAL,ZAL,Zalgiris Kaunas,https://media-cdn.incrowdsports.com/0aa09358-3847-4c4e-b228-3582ee4e536d.png,2018,E2018
11,30.0,40.166666666666664,81.9,21.0,39.0,54%,8.6,23.6,36.3%,14.1,18.5,76.1%,11.2,24.6,35.8,18.5,6.6,12.8,2.3,2.4,19.8,19.4,92.0,BAS,KBA,Baskonia Vitoria-Gasteiz,https://media-cdn.cortextech.io/cbc49cb0-99ce-4462-bdb7-56983ee03cf4.png,2018,E2018
12,30.0,40.166666666666664,87.3,19.8,37.5,52.8%,10.0,25.9,38.7%,17.6,21.8,80.5%,11.0,23.1,34.0,15.9,6.4,11.3,2.2,2.2,20.0,21.0,95.4,MIL,AXM,EA7 Emporio Armani Milan,https://media-cdn.cortextech.io/9512ee73-a0f1-4647-a01e-3c2938aba6b8.png,2018,E2018
13,30.0,40.166666666666664,86.8,22.0,41.4,53.1%,8.5,21.2,40%,17.4,21.5,81%,11.8,23.0,34.8,17.5,6.1,11.7,2.3,3.0,22.8,23.3,97.0,CSK,CSK,CSKA Moscow,https://media-cdn.incrowdsports.com/b6a59212-7feb-4f8c-86c2-5e8f07625e3e.png,2018,E2018
14,30.0,40.5,84.3,20.8,35.2,59%,9.6,22.2,43.2%,13.9,17.3,80.4%,8.2,22.4,30.7,18.2,6.6,11.7,2.3,1.9,20.2,20.3,98.2,ULK,FNB,Fenerbahce Beko Istanbul,https://media-cdn.cortextech.io/3b7f020e-5b39-49a1-b4b2-efea918edab7.png,2018,E2018
15,30.0,40.0,85.4,22.1,37.5,58.9%,9.9,24.3,40.7%,11.5,14.0,81.9%,8.3,23.8,32.1,19.9,6.4,11.8,2.9,2.0,18.0,18.7,101.1,IST,EFS,Anadolu Efes Istanbul,https://media-cdn.cortextech.io/9a463aa2-ceb2-481c-9a95-1cddee0a248e.png,2018,E2018
16,30.0,40.0,85.9,20.3,36.0,56.4%,10.3,27.1,38%,14.4,18.5,77.8%,10.2,26.7,36.9,20.0,5.7,11.7,2.9,2.1,18.9,21.4,103.5,MAD,RMB,Real Madrid,https://media-cdn.incrowdsports.com/371b0d9b-9250-4c09-bda7-0686cf024657.png,2018,E2018
1,28.0,40.17857142857143,74.4,19.3,38.5,50.2%,7.6,22.8,33.5%,12.8,16.8,76.2%,10.8,20.9,31.6,16.3,5.5,12.5,2.9,2.6,22.9,19.7,74.1,ASV,ASV,LDLC ASVEL Villeurbanne,https://media-cdn.incrowdsports.com/e33c6d1a-95ca-4dbc-b8cb-0201812104cc.png,2019,E2019
2,28.0,40.17857142857143,73.9,19.1,37.9,50.5%,7.8,20.1,38.7%,12.2,16.2,75.7%,9.2,21.8,31.0,16.6,6.4,15.0,2.2,3.4,20.8,19.5,75.4,MUN,BAY,FC Bayern Munich,https://media-cdn.incrowdsports.com/817b0e58-d595-4b09-ab0b-1e7cc26249ff.png,2019,E2019
3,28.0,40.0,73.5,19.6,38.1,51.4%,7.4,22.7,32.7%,12.1,17.0,71.1%,11.5,23.1,34.6,13.9,6.9,14.3,3.2,2.6,20.5,20.4,76.3,BAS,KBA,Baskonia Vitoria-Gasteiz,https://media-cdn.cortextech.io/cbc49cb0-99ce-4462-bdb7-56983ee03cf4.png,2019,E2019
4,28.0,40.535714285714285,74.8,19.3,39.5,48.9%,7.4,21.4,34.6%,14.0,18.5,75.9%,11.0,23.6,34.5,15.5,6.9,13.2,2.5,3.4,21.6,20.0,77.5,RED,CZV,Crvena Zvezda Meridianbet Belgrade,https://media-cdn.incrowdsports.com/d2eef4a8-62df-4fdd-9076-276004268515.png,2019,E2019
5,28.0,40.535714285714285,74.9,19.4,36.8,52.9%,8.4,25.5,33.1%,10.8,15.5,69.7%,12.1,20.3,32.4,18.6,7.3,13.7,2.4,2.8,19.8,20.5,80.9,DYR,ZEN,Zenit St Petersburg,https://media-cdn.incrowdsports.com/4c571fd6-52f1-428c-94a5-9143fbbb4fe3.png,2019,E2019
6,28.0,40.357142857142854,78.1,18.6,37.8,49.3%,9.0,23.8,37.9%,13.8,17.7,78.2%,9.0,24.5,33.5,15.8,5.2,11.6,2.8,2.2,21.2,19.8,82.4,MIL,AXM,EA7 Emporio Armani Milan,https://media-cdn.cortextech.io/9512ee73-a0f1-4647-a01e-3c2938aba6b8.png,2019,E2019
7,28.0,40.357142857142854,78.1,18.3,33.9,54%,9.5,23.5,40.2%,13.1,16.5,79.3%,7.9,21.1,29.0,17.6,6.3,13.4,1.6,2.1,20.5,20.6,84.1,ULK,FNB,Fenerbahce Beko Istanbul,https://media-cdn.cortextech.io/3b7f020e-5b39-49a1-b4b2-efea918edab7.png,2019,E2019
8,28.0,40.714285714285715,80.6,19.7,36.6,53.7%,8.8,23.0,38.2%,14.9,18.0,82.6%,10.7,22.0,32.7,17.1,5.6,12.5,1.7,2.8,21.5,21.4,87.9,ZAL,ZAL,Zalgiris Kaunas,https://media-cdn.incrowdsports.com/0aa09358-3847-4c4e-b228-3582ee4e536d.png,2019,E2019
9,28.0,40.17857142857143,82.4,20.1,37.1,54.2%,9.9,26.5,37.5%,12.4,17.0,72.7%,10.3,25.7,36.0,17.1,7.8,13.0,2.3,2.6,22.7,19.2,88.2,TEL,MTA,Maccabi Rapyd Tel Aviv,https://media-cdn.cortextech.io/1b533342-78f5-4932-b714-a7d80b5826b5.png,2019,E2019
10,28.0,40.535714285714285,81.0,20.5,36.7,55.8%,8.3,23.3,35.7%,15.0,20.5,73%,10.0,25.1,35.1,17.1,6.3,13.4,2.1,1.8,20.2,21.6,91.0,OLY,OLY,Olympiacos Piraeus,https://media-cdn.incrowdsports.com/789423ac-3cdf-4b89-b11c-b458aa5f59a6.png,2019,E2019
11,28.0,41.07142857142857,84.5,18.9,37.9,49.8%,10.4,26.2,39.6%,15.5,19.2,80.5%,11.4,21.9,33.3,19.5,6.8,13.9,2.1,2.5,20.6,21.2,91.8,BER,BER,ALBA Berlin,https://media-cdn.incrowdsports.com/ccc34858-22b0-47dc-904c-9940b0a16ff3.png,2019,E2019
12,28.0,40.357142857142854,83.4,18.1,35.9,50.4%,11.0,28.0,39.2%,14.3,18.4,77.9%,11.8,26.0,37.8,16.6,6.6,13.1,2.9,2.6,20.7,20.0,91.9,CSK,CSK,CSKA Moscow,https://media-cdn.incrowdsports.com/b6a59212-7feb-4f8c-86c2-5e8f07625e3e.png,2019,E2019
13,28.0,40.17857142857143,85.5,19.6,34.5,56.8%,11.1,28.7,38.8%,13.0,16.1,80.5%,9.5,23.0,32.5,19.6,6.5,12.9,2.8,2.1,21.9,18.2,92.7,KHI,KHI,BC Khimki,https://media-cdn.incrowdsports.com/04bd9ac1-e8ed-4b35-8878-272596e5c7d6.png,2019,E2019
14,28.0,40.357142857142854,81.6,18.8,34.9,53.7%,9.7,26.9,35.9%,15.0,19.2,78.3%,11.2,23.0,34.1,17.2,6.2,11.9,1.5,2.3,17.8,21.7,92.8,PAM,VBC,Valencia Basket,https://media-cdn.cortextech.io/d88f3c71-1519-4b19-8cfb-99e26a4c008e.png,2019,E2019
15,28.0,40.714285714285715,87.1,23.6,42.5,55.5%,8.2,23.6,34.9%,15.1,19.6,77.1%,10.8,25.0,35.8,17.9,6.6,11.5,3.1,2.4,20.3,19.2,96.6,PAN,PAO,Panathinaikos AKTOR Athens,https://media-cdn.incrowdsports.com/e3dff28a-9ec6-4faf-9d96-ecbc68f75780.png,2019,E2019
16,28.0,40.0,84.2,19.7,36.6,53.7%,9.9,25.4,39.1%,15.0,19.1,78.7%,10.4,24.9,35.2,19.0,6.8,13.2,2.0,2.2,19.6,21.2,96.8,BAR,FCB,FC Barcelona,https://media-cdn.incrowdsports.com/35dfa503-e417-481f-963a-bdf6f013763e.png,2019,E2019
17,28.0,40.0,84.7,19.4,34.6,55.9%,10.8,27.9,38.7%,13.6,17.3,78.7%,9.9,25.4,35.2,19.8,6.3,12.5,4.0,1.8,18.6,21.4,102.6,MAD,RMB,Real Madrid,https://media-cdn.incrowdsports.com/371b0d9b-9250-4c09-bda7-0686cf024657.png,2019,E2019
18,28.0,40.17857142857143,87.2,20.2,35.5,57.1%,11.0,26.2,42.1%,13.6,15.9,86%,9.0,24.1,33.1,17.6,7.2,11.4,2.4,2.5,16.6,19.4,103.8,IST,EFS,Anadolu Efes Istanbul,https://media-cdn.cortextech.io/9a463aa2-ceb2-481c-9a95-1cddee0a248e.png,2019,E2019
1,34.0,40.294117647058826,74.1,17.3,35.2,49%,8.6,22.7,37.8%,13.8,17.1,80.8%,9.8,21.1,31.0,14.6,6.5,13.3,1.8,2.7,21.6,20.0,74.9,RED,CZV,Crvena Zvezda Meridianbet Belgrade,https://media-cdn.incrowdsports.com/d2eef4a8-62df-4fdd-9076-276004268515.png,2020,E2020
2,34.0,40.294117647058826,77.5,18.2,35.4,51.5%,9.3,26.8,34.6%,13.2,16.3,81%,8.9,22.2,31.1,18.2,7.0,13.9,3.3,2.4,22.1,18.5,79.4,KHI,KHI,BC Khimki,https://media-cdn.incrowdsports.com/04bd9ac1-e8ed-4b35-8878-272596e5c7d6.png,2020,E2020
3,34.0,40.294117647058826,76.7,19.1,36.5,52.2%,8.4,21.4,39.3%,13.3,17.2,77.4%,8.7,22.4,31.1,16.4,6.6,14.5,3.2,2.0,21.5,19.9,81.4,ASV,ASV,LDLC ASVEL Villeurbanne,https://media-cdn.incrowdsports.com/e33c6d1a-95ca-4dbc-b8cb-0201812104cc.png,2020,E2020
4,34.0,40.588235294117645,78.4,19.6,37.3,52.4%,8.8,25.1,35.2%,12.8,16.1,79.2%,10.0,23.9,33.9,15.9,7.1,13.6,2.6,3.1,19.4,19.6,84.0,TEL,MTA,Maccabi Rapyd Tel Aviv,https://media-cdn.cortextech.io/1b533342-78f5-4932-b714-a7d80b5826b5.png,2020,E2020
5,34.0,40.44117647058823,78.2,21.4,41.9,51%,7.2,18.9,38.4%,13.8,17.1,80.9%,9.3,23.2,32.5,16.4,8.1,12.8,2.2,1.9,22.9,20.0,84.6,MUN,BAY,FC Bayern Munich,https://media-cdn.incrowdsports.com/817b0e58-d595-4b09-ab0b-1e7cc26249ff.png,2020,E2020
6,34.0,40.44117647058823,78.6,19.2,34.2,56.1%,8.8,25.2,34.8%,13.9,18.1,76.9%,9.7,22.4,32.0,17.4,7.2,14.2,2.8,2.3,20.6,20.0,85.3,OLY,OLY,Olympiacos Piraeus,https://media-cdn.incrowdsports.com/789423ac-3cdf-4b89-b11c-b458aa5f59a6.png,2020,E2020
7,34.0,40.0,77.4,20.1,38.5,52.2%,8.4,20.0,42.1%,11.9,14.1,84%,9.2,22.0,31.2,18.3,6.4,13.4,1.1,2.6,19.4,19.4,86.1,ZAL,ZAL,Zalgiris Kaunas,https://media-cdn.incrowdsports.com/0aa09358-3847-4c4e-b228-3582ee4e536d.png,2020,E2020
8,34.0,40.294117647058826,78.6,19.0,36.1,52.7%,10.1,27.6,36.5%,10.4,12.5,83.5%,10.2,21.6,31.9,20.4,6.9,14.8,2.2,2.9,18.4,19.5,86.8,BER,BER,ALBA Berlin,https://media-cdn.incrowdsports.com/ccc34858-22b0-47dc-904c-9940b0a16ff3.png,2020,E2020
9,34.0,40.588235294117645,79.7,19.8,37.5,52.7%,8.9,24.8,35.9%,13.5,18.0,74.8%,11.6,22.5,34.1,17.7,6.8,13.3,3.0,2.4,20.3,20.0,87.2,PAN,PAO,Panathinaikos AKTOR Athens,https://media-cdn.incrowdsports.com/e3dff28a-9ec6-4faf-9d96-ecbc68f75780.png,2020,E2020
10,34.0,40.14705882352941,78.5,21.3,37.2,57.2%,8.3,20.9,39.7%,11.0,13.2,83.3%,7.6,22.6,30.2,18.6,6.5,14.1,2.0,2.1,18.9,18.3,88.4,ULK,FNB,Fenerbahce Beko Istanbul,https://media-cdn.cortextech.io/3b7f020e-5b39-49a1-b4b2-efea918edab7.png,2020,E2020
11,34.0,40.0,78.5,17.9,31.3,57.3%,9.6,25.0,38.2%,14.0,17.5,80%,8.9,21.9,30.9,18.2,5.9,12.4,2.0,2.1,20.6,20.4,88.5,DYR,ZEN,Zenit St Petersburg,https://media-cdn.incrowdsports.com/4c571fd6-52f1-428c-94a5-9143fbbb4fe3.png,2020,E2020
12,34.0,40.588235294117645,81.4,19.7,38.0,51.8%,9.5,22.9,41.6%,13.5,16.6,81.2%,8.2,22.8,31.0,16.3,6.2,10.9,2.3,2.5,19.4,19.6,89.1,MIL,AXM,EA7 Emporio Armani Milan,https://media-cdn.cortextech.io/9512ee73-a0f1-4647-a01e-3c2938aba6b8.png,2020,E2020
13,34.0,40.294117647058826,80.6,21.5,39.1,54.9%,8.1,20.2,39.9%,13.5,17.2,78.6%,10.7,23.6,34.3,18.8,6.7,14.6,2.4,2.5,21.4,20.6,91.5,BAR,FCB,FC Barcelona,https://media-cdn.incrowdsports.com/35dfa503-e417-481f-963a-bdf6f013763e.png,2020,E2020
14,34.0,40.588235294117645,80.1,18.9,33.6,56.2%,10.3,27.8,37.1%,11.5,14.5,79.3%,9.4,24.5,33.9,18.2,6.4,13.2,3.4,1.7,19.2,19.0,91.7,MAD,RMB,Real Madrid,https://media-cdn.incrowdsports.com/371b0d9b-9250-4c09-bda7-0686cf024657.png,2020,E2020
15,34.0,40.73529411764706,84.3,19.5,37.0,52.7%,9.9,26.0,37.9%,15.8,20.7,76.1%,12.8,23.1,36.0,15.8,6.4,12.1,2.0,2.6,19.4,21.9,93.6,CSK,CSK,CSKA Moscow,https://media-cdn.incrowdsports.com/b6a59212-7feb-4f8c-86c2-5e8f07625e3e.png,2020,E2020
16,34.0,40.294117647058826,81.9,19.6,33.9,58%,9.4,25.5,36.7%,14.5,17.8,81.5%,9.5,22.8,32.3,20.4,6.2,13.3,1.7,2.7,19.6,20.5,93.7,PAM,VBC,Valencia Basket,https://media-cdn.cortextech.io/d88f3c71-1519-4b19-8cfb-99e26a4c008e.png,2020,E2020
17,34.0,40.14705882352941,80.9,20.1,37.9,53.2%,9.2,23.7,38.9%,12.9,16.9,76.5%,10.9,23.6,34.5,20.1,8.3,14.1,2.9,2.5,17.7,19.9,96.1,BAS,TDS,Baskonia Vitoria-Gasteiz,https://media-cdn.cortextech.io/cbc49cb0-99ce-4462-bdb7-56983ee03cf4.png,2020,E2020
18,34.0,40.14705882352941,84.0,19.8,34.8,56.9%,10.1,25.4,39.7%,14.2,18.0,78.9%,9.0,22.6,31.7,18.5,6.9,11.3,2.9,2.6,17.0,19.9,98.8,IST,EFS,Anadolu Efes Istanbul,https://media-cdn.cortextech.io/9a463aa2-ceb2-481c-9a95-1cddee0a248e.png,2020,E2020
1,32.0,40.0,73.0,21.4,40.6,52.7%,6.7,19.2,34.7%,10.2,13.8,73.8%,8.7,22.6,31.2,14.0,6.9,13.2,2.8,1.8,20.0,18.4,76.1,ASV,ASV,LDLC ASVEL Villeurbanne,https://media-cdn.incrowdsports.com/e33c6d1a-95ca-4dbc-b8cb-0201812104cc.png,2021,E2021
2,32.0,40.3125,73.0,18.1,35.2,51.4%,8.4,23.9,35.3%,11.5,14.4,80%,9.8,21.8,31.6,16.6,5.6,12.4,1.8,2.1,20.4,18.4,76.6,ZAL,ZAL,Zalgiris Kaunas,https://media-cdn.incrowdsports.com/0aa09358-3847-4c4e-b228-3582ee4e536d.png,2021,E2021
3,31.0,40.0,75.4,17.5,33.7,51.8%,9.2,24.8,37.1%,12.9,16.3,79.6%,9.5,21.0,30.5,13.8,6.1,10.9,1.5,1.8,22.1,20.0,77.5,MUN,BAY,FC Bayern Munich,https://media-cdn.incrowdsports.com/817b0e58-d595-4b09-ab0b-1e7cc26249ff.png,2021,E2021
4,33.0,40.303030303030305,73.8,19.9,37.7,52.8%,7.1,21.8,32.6%,12.6,17.4,72.4%,11.2,21.3,32.4,16.4,6.8,12.3,1.4,2.6,19.8,19.0,77.7,RED,CZV,Crvena Zvezda Meridianbet Belgrade,https://media-cdn.incrowdsports.com/d2eef4a8-62df-4fdd-9076-276004268515.png,2021,E2021
5,23.0,40.21739130434783,74.0,18.3,34.7,52.8%,8.5,23.8,35.8%,11.8,16.1,73.2%,10.3,23.6,33.9,15.1,5.4,13.1,2.7,2.9,20.3,19.9,78.8,DYR,ZEN,Zenit St Petersburg,https://media-cdn.incrowdsports.com/4c571fd6-52f1-428c-94a5-9143fbbb4fe3.png,2021,E2021
6,32.0,40.15625,74.0,17.9,34.8,51.5%,9.0,25.2,35.7%,11.2,15.2,73.8%,9.7,23.6,33.2,16.0,6.1,11.6,2.2,1.9,20.3,18.4,79.2,MIL,AXM,EA7 Emporio Armani Milan,https://media-cdn.cortextech.io/9512ee73-a0f1-4647-a01e-3c2938aba6b8.png,2021,E2021
7,25.0,40.6,76.7,19.8,38.4,51.7%,9.0,23.9,37.5%,10.1,13.8,73.5%,9.9,22.8,32.6,16.5,9.4,13.1,1.9,2.4,20.0,16.1,80.5,UNK,UNK,UNICS Kazan,https://media-cdn.incrowdsports.com/70b00b96-e98a-42ba-9997-39d70a895157.png,2021,E2021
8,32.0,40.0,74.4,19.4,36.1,53.7%,7.7,23.1,33.2%,12.7,15.8,80.3%,8.7,23.8,32.5,15.2,5.4,12.5,3.1,2.1,18.7,19.0,81.1,PAN,PAO,Panathinaikos AKTOR Athens,https://media-cdn.incrowdsports.com/e3dff28a-9ec6-4faf-9d96-ecbc68f75780.png,2021,E2021
9,32.0,40.0,74.8,19.1,36.6,52.1%,8.7,25.1,34.7%,10.6,13.6,77.9%,10.0,25.0,35.0,17.6,5.2,12.3,2.4,2.4,17.9,18.4,84.0,BAS,BKN,Baskonia Vitoria-Gasteiz,https://media-cdn.cortextech.io/cbc49cb0-99ce-4462-bdb7-56983ee03cf4.png,2021,E2021
10,31.0,40.0,74.5,20.2,35.3,57.2%,7.5,23.0,32.7%,11.5,15.5,74.2%,9.2,22.7,31.9,18.1,7.9,13.3,2.0,2.2,18.6,19.2,84.8,ULK,FBB,Fenerbahce Beko Istanbul,https://media-cdn.cortextech.io/3b7f020e-5b39-49a1-b4b2-efea918edab7.png,2021,E2021
11,34.0,40.0,75.8,18.6,36.2,51.3%,9.2,25.2,36.6%,11.1,14.2,77.8%,11.0,23.3,34.3,17.2,6.5,13.7,2.1,2.9,17.4,19.9,85.0,BER,BER,ALBA Berlin,https://media-cdn.incrowdsports.com/ccc34858-22b0-47dc-904c-9940b0a16ff3.png,2021,E2021
12,24.0,40.208333333333336,80.8,19.0,36.6,51.8%,9.9,27.8,35.7%,13.2,16.2,81.2%,12.5,22.2,34.7,16.6,6.3,11.7,2.6,3.4,19.5,20.5,88.5,CSK,CSK,CSKA Moscow,https://media-cdn.incrowdsports.com/b6a59212-7feb-4f8c-86c2-5e8f07625e3e.png,2021,E2021
13,32.0,40.0,80.4,20.7,38.2,54.2%,8.2,22.8,36.1%,14.2,17.4,81.9%,9.1,22.8,31.9,16.5,7.6,11.9,2.1,2.3,18.8,18.9,89.1,TEL,MTA,Maccabi Rapyd Tel Aviv,https://media-cdn.cortextech.io/1b533342-78f5-4932-b714-a7d80b5826b5.png,2021,E2021
14,33.0,40.45454545454545,78.5,19.5,36.8,52.9%,9.5,27.0,35.1%,11.1,14.5,76.8%,11.8,26.7,38.5,18.0,6.3,12.8,3.1,2.0,19.3,18.5,90.5,MAD,RMB,Real Madrid,https://media-cdn.incrowdsports.com/371b0d9b-9250-4c09-bda7-0686cf024657.png,2021,E2021
15,33.0,40.75757575757576,84.0,22.4,41.3,54.3%,8.4,22.7,37.2%,13.9,18.8,74%,10.7,23.5,34.2,15.4,7.1,11.2,2.2,1.8,19.8,20.5,92.4,MCO,ASM,AS Monaco,https://media-cdn.incrowdsports.com/89ed276a-2ba3-413f-8ea2-b3be209ca129.png,2021,E2021
16,32.0,40.625,82.9,20.5,37.5,54.6%,9.2,22.3,41.3%,14.3,17.3,82.6%,10.4,24.3,34.8,18.7,6.1,13.9,1.8,2.2,21.7,20.1,93.5,BAR,BAR,FC Barcelona,https://media-cdn.incrowdsports.com/35dfa503-e417-481f-963a-bdf6f013763e.png,2021,E2021
17,31.0,40.483870967741936,80.4,19.8,34.4,57.6%,9.0,25.6,35.3%,13.6,17.8,76.4%,9.1,24.5,33.5,17.5,6.5,11.7,2.5,2.3,17.6,20.1,93.5,OLY,OLY,Olympiacos Piraeus,https://media-cdn.incrowdsports.com/789423ac-3cdf-4b89-b11c-b458aa5f59a6.png,2021,E2021
18,34.0,40.44117647058823,83.1,20.0,35.1,56.8%,9.9,26.8,37.1%,13.3,16.2,82.2%,8.9,23.8,32.7,17.4,6.5,11.1,2.6,2.3,16.8,19.4,96.6,IST,EFS,Anadolu Efes Istanbul,https://media-cdn.cortextech.io/9a463aa2-ceb2-481c-9a95-1cddee0a248e.png,2021,E2021
1,34.0,40.0,74.3,19.7,36.9,53.6%,7.3,22.1,33.2%,12.9,16.6,77.5%,8.9,21.5,30.4,14.4,6.5,13.6,2.1,2.5,21.0,20.0,75.0,ASV,ASV,LDLC ASVEL Villeurbanne,https://media-cdn.incrowdsports.com/e33c6d1a-95ca-4dbc-b8cb-0201812104cc.png,2022,E2022
2,34.0,40.0,76.6,16.5,34.4,47.9%,9.6,27.5,34.8%,15.0,18.3,82.1%,11.5,22.6,34.1,13.7,6.3,11.5,2.3,2.9,22.1,20.6,77.8,MUN,BAY,FC Bayern Munich,https://media-cdn.incrowdsports.com/817b0e58-d595-4b09-ab0b-1e7cc26249ff.png,2022,E2022
3,34.0,40.0,76.2,18.9,36.6,51.7%,8.1,22.1,36.4%,14.2,17.9,79.4%,11.3,22.4,33.7,14.1,6.0,12.9,2.6,2.9,20.5,20.1,80.9,ZAL,ZAL,Zalgiris Kaunas,https://media-cdn.incrowdsports.com/0aa09358-3847-4c4e-b228-3582ee4e536d.png,2022,E2022
4,34.0,40.294117647058826,74.8,17.5,32.9,53.2%,9.1,25.4,35.8%,12.5,16.1,77.4%,8.6,23.9,32.5,16.3,6.0,12.3,2.0,2.0,20.4,19.5,81.0,MIL,EA7,EA7 Emporio Armani Milan,https://media-cdn.cortextech.io/9512ee73-a0f1-4647-a01e-3c2938aba6b8.png,2022,E2022
5,34.0,40.44117647058823,77.2,19.3,35.4,54.5%,8.3,24.5,33.8%,13.8,17.8,77.5%,10.4,22.4,32.8,16.9,6.6,12.5,1.6,2.6,21.5,20.1,82.4,RED,CZV,Crvena Zvezda Meridianbet Belgrade,https://media-cdn.incrowdsports.com/d2eef4a8-62df-4fdd-9076-276004268515.png,2022,E2022
6,34.0,40.588235294117645,79.3,18.2,36.0,50.6%,9.0,24.7,36.3%,16.0,21.5,74.2%,9.9,22.4,32.2,14.6,6.6,11.9,2.3,2.3,20.6,22.0,83.0,PAN,PAO,Panathinaikos AKTOR Athens,https://media-cdn.incrowdsports.com/e3dff28a-9ec6-4faf-9d96-ecbc68f75780.png,2022,E2022
7,34.0,40.294117647058826,81.8,18.3,33.4,54.9%,10.4,28.4,36.7%,13.9,17.0,82.1%,9.7,21.5,31.2,17.6,6.7,13.2,1.6,2.6,22.2,20.1,85.0,PAM,VBC,Valencia Basket,https://media-cdn.cortextech.io/d88f3c71-1519-4b19-8cfb-99e26a4c008e.png,2022,E2022
8,34.0,40.14705882352941,78.0,18.5,33.9,54.6%,8.9,23.7,37.4%,14.5,18.3,79.3%,8.0,22.8,30.8,19.4,7.1,14.5,2.1,2.5,20.9,20.1,85.6,VIR,VIR,Virtus Bologna,https://media-cdn.cortextech.io/1362801d-dd09-4fd0-932d-ead56063ab77.png,2022,E2022
9,34.0,40.294117647058826,80.1,19.8,36.9,53.7%,9.4,27.4,34.2%,12.4,16.1,76.9%,11.9,24.2,36.1,19.9,6.8,14.5,3.2,3.0,19.8,18.9,88.8,BER,BER,ALBA Berlin,https://media-cdn.incrowdsports.com/ccc34858-22b0-47dc-904c-9940b0a16ff3.png,2022,E2022
10,34.0,40.14705882352941,83.6,21.9,39.6,55.2%,8.8,25.5,34.6%,13.3,16.5,80.9%,12.0,23.3,35.3,16.4,6.7,11.2,3.2,2.1,21.9,18.8,91.3,TEL,MTA,Maccabi Rapyd Tel Aviv,https://media-cdn.cortextech.io/1b533342-78f5-4932-b714-a7d80b5826b5.png,2022,E2022
11,34.0,40.44117647058823,84.2,21.3,37.6,56.7%,9.8,26.3,37.2%,12.3,17.2,71.2%,11.6,22.0,33.6,18.1,6.6,12.0,1.7,2.4,20.9,20.5,91.8,ULK,FBB,Fenerbahce Beko Istanbul,https://media-cdn.cortextech.io/3b7f020e-5b39-49a1-b4b2-efea918edab7.png,2022,E2022
12,34.0,40.44117647058823,83.3,23.1,42.2,54.6%,6.7,21.1,31.7%,17.1,22.6,75.3%,12.4,21.6,34.0,15.5,7.3,10.6,2.1,2.4,20.4,22.8,92.4,MCO,ASM,AS Monaco,https://media-cdn.incrowdsports.com/89ed276a-2ba3-413f-8ea2-b3be209ca129.png,2022,E2022
13,34.0,40.294117647058826,80.9,18.5,33.9,54.5%,10.1,24.9,40.3%,13.8,17.4,79.4%,10.6,23.7,34.3,19.4,5.8,13.0,2.0,2.1,21.5,20.5,92.5,BAR,BAR,FC Barcelona,https://media-cdn.incrowdsports.com/35dfa503-e417-481f-963a-bdf6f013763e.png,2022,E2022
14,34.0,40.294117647058826,85.2,21.1,37.7,56.1%,8.4,21.2,39.6%,17.7,21.4,82.7%,9.1,20.8,29.9,14.5,6.5,11.3,2.5,2.2,20.9,22.7,93.9,PAR,PAR,Partizan Mozzart Bet Belgrade,https://media-cdn.incrowdsports.com/2681304e-77dd-4331-88b1-683078c0fb49.png,2022,E2022
15,34.0,40.294117647058826,83.0,19.6,34.2,57.4%,10.1,26.0,38.9%,13.4,16.4,81.9%,8.1,23.9,32.0,15.9,6.2,10.9,2.9,2.5,17.6,20.2,95.8,IST,EFS,Anadolu Efes Istanbul,https://media-cdn.cortextech.io/9a463aa2-ceb2-481c-9a95-1cddee0a248e.png,2022,E2022
16,34.0,40.294117647058826,86.7,20.1,35.0,57.4%,10.8,29.8,36.3%,14.2,18.5,76.8%,10.5,23.8,34.4,19.7,7.0,11.0,2.8,2.5,21.4,20.3,97.9,BAS,BKN,Baskonia Vitoria-Gasteiz,https://media-cdn.cortextech.io/cbc49cb0-99ce-4462-bdb7-56983ee03cf4.png,2022,E2022
17,34.0,40.44117647058823,85.6,20.5,35.6,57.6%,9.3,25.0,37%,16.8,20.9,80.1%,10.0,26.7,36.7,19.6,5.9,13.1,4.3,1.9,20.6,20.8,102.3,MAD,RMB,Real Madrid,https://media-cdn.incrowdsports.com/371b0d9b-9250-4c09-bda7-0686cf024657.png,2022,E2022
18,34.0,40.0,84.0,20.1,33.1,60.9%,9.9,26.5,37.6%,14.0,18.3,76.5%,9.6,24.0,33.6,21.8,7.7,13.0,2.1,2.0,18.5,21.0,103.0,OLY,OLY,Olympiacos Piraeus,https://media-cdn.incrowdsports.com/789423ac-3cdf-4b89-b11c-b458aa5f59a6.png,2022,E2022
1,34.0,40.0,76.2,18.9,37.1,50.8%,8.9,25.3,35.1%,11.9,15.0,79.2%,10.8,21.6,32.4,16.5,7.0,15.1,2.1,3.5,18.3,18.2,77.7,BER,BER,ALBA Berlin,https://media-cdn.incrowdsports.com/ccc34858-22b0-47dc-904c-9940b0a16ff3.png,2023,E2023
2,34.0,40.14705882352941,75.9,20.2,38.5,52.4%,7.3,22.2,32.8%,13.8,17.8,77.4%,10.1,24.2,34.4,16.2,6.5,13.6,1.8,3.1,21.1,19.1,78.8,PAM,VBC,Valencia Basket,https://media-cdn.cortextech.io/d88f3c71-1519-4b19-8cfb-99e26a4c008e.png,2023,E2023
3,34.0,40.14705882352941,79.5,19.0,35.8,53.1%,9.7,25.0,38.9%,12.3,15.1,81%,9.7,22.1,31.9,15.6,6.5,12.6,1.7,2.9,21.2,18.3,81.9,ZAL,ZAL,Zalgiris Kaunas,https://media-cdn.incrowdsports.com/0aa09358-3847-4c4e-b228-3582ee4e536d.png,2023,E2023
4,34.0,40.73529411764706,78.6,19.1,35.7,53.4%,9.9,27.6,35.8%,10.8,13.6,79.8%,10.7,24.7,35.4,16.1,6.1,13.0,2.6,2.5,20.6,18.8,84.4,MUN,BAY,FC Bayern Munich,https://media-cdn.incrowdsports.com/817b0e58-d595-4b09-ab0b-1e7cc26249ff.png,2023,E2023
5,34.0,40.294117647058826,78.2,18.1,32.8,55.1%,10.0,27.4,36.7%,11.9,15.4,77.6%,8.9,23.3,32.1,16.3,7.0,12.4,2.1,1.7,19.6,19.0,85.5,MIL,EA7,EA7 Emporio Armani Milan,https://media-cdn.cortextech.io/9512ee73-a0f1-4647-a01e-3c2938aba6b8.png,2023,E2023
6,34.0,40.294117647058826,78.6,21.9,40.9,53.6%,7.2,21.3,33.7%,13.4,17.3,77.3%,10.3,23.7,34.0,17.8,6.0,12.9,1.6,3.3,18.4,19.4,85.8,ASV,ASV,LDLC ASVEL Villeurbanne,https://media-cdn.incrowdsports.com/e33c6d1a-95ca-4dbc-b8cb-0201812104cc.png,2023,E2023
7,34.0,40.0,80.2,19.6,36.1,54.3%,9.4,25.9,36.2%,12.9,17.1,75.7%,9.4,23.0,32.4,18.8,6.6,12.1,2.5,2.1,21.6,19.8,87.4,VIR,VIR,Virtus Bologna,https://media-cdn.cortextech.io/1362801d-dd09-4fd0-932d-ead56063ab77.png,2023,E2023
8,34.0,40.0,81.3,20.0,36.4,54.9%,9.2,27.1,34.1%,13.6,17.6,77%,11.9,22.9,34.7,18.5,6.6,12.1,2.5,2.7,21.6,19.9,88.7,RED,CZV,Crvena Zvezda Meridianbet Belgrade,https://media-cdn.incrowdsports.com/d2eef4a8-62df-4fdd-9076-276004268515.png,2023,E2023
9,34.0,40.44117647058823,83.0,22.1,37.7,58.5%,8.0,22.2,36.2%,14.8,18.1,81.9%,9.1,21.8,30.9,15.1,6.6,12.4,2.3,1.6,21.1,20.4,90.1,PAR,PAR,Partizan Mozzart Bet Belgrade,https://media-cdn.incrowdsports.com/2681304e-77dd-4331-88b1-683078c0fb49.png,2023,E2023
10,34.0,40.14705882352941,81.9,21.8,41.2,52.9%,7.9,22.4,35.3%,14.5,19.5,74.1%,11.3,22.9,34.2,16.1,6.9,10.0,1.8,2.4,19.5,21.6,91.7,MCO,ASM,AS Monaco,https://media-cdn.incrowdsports.com/89ed276a-2ba3-413f-8ea2-b3be209ca129.png,2023,E2023
11,34.0,40.44117647058823,79.0,18.9,33.9,55.6%,9.4,25.2,37.3%,13.0,17.5,74.3%,9.4,22.9,32.3,19.3,7.0,11.4,2.8,2.4,18.7,19.3,91.9,OLY,OLY,Olympiacos Piraeus,https://media-cdn.incrowdsports.com/789423ac-3cdf-4b89-b11c-b458aa5f59a6.png,2023,E2023
12,34.0,40.14705882352941,84.2,19.5,35.2,55.5%,10.4,28.3,36.7%,14.0,18.4,76.2%,10.3,24.9,35.2,18.8,5.4,12.4,2.3,3.2,18.3,19.1,93.3,BAS,BKN,Baskonia Vitoria-Gasteiz,https://media-cdn.cortextech.io/cbc49cb0-99ce-4462-bdb7-56983ee03cf4.png,2023,E2023
13,34.0,40.588235294117645,85.1,19.1,33.9,56.4%,11.2,28.7,39.1%,13.2,16.5,80.4%,10.1,23.2,33.4,18.1,5.8,12.0,2.4,1.7,21.6,19.8,93.9,ULK,FBB,Fenerbahce Beko Istanbul,https://media-cdn.cortextech.io/3b7f020e-5b39-49a1-b4b2-efea918edab7.png,2023,E2023
14,34.0,40.44117647058823,81.6,19.9,36.5,54.5%,9.0,23.6,38.1%,14.9,19.8,75.3%,9.9,23.6,33.5,16.5,7.2,12.7,2.7,2.5,17.6,21.5,94.1,PAN,PAO,Panathinaikos AKTOR Athens,https://media-cdn.incrowdsports.com/e3dff28a-9ec6-4faf-9d96-ecbc68f75780.png,2023,E2023
15,34.0,40.0,82.7,22.3,39.8,56.1%,8.6,23.5,36.6%,12.3,16.8,73.2%,11.3,24.7,36.0,19.4,6.2,12.7,2.4,1.9,19.6,18.9,94.5,BAR,BAR,FC Barcelona,https://media-cdn.incrowdsports.com/35dfa503-e417-481f-963a-bdf6f013763e.png,2023,E2023
16,34.0,40.73529411764706,86.1,21.6,38.5,56.1%,10.0,26.8,37.2%,13.0,15.9,81.4%,10.1,22.2,32.3,17.9,7.0,10.3,3.1,2.0,18.5,18.5,97.4,IST,EFS,Anadolu Efes Istanbul,https://media-cdn.cortextech.io/9a463aa2-ceb2-481c-9a95-1cddee0a248e.png,2023,E2023
17,34.0,40.14705882352941,87.7,23.0,43.1,53.3%,8.7,23.8,36.4%,15.8,20.2,78%,13.0,23.0,36.0,19.6,7.3,12.3,3.1,2.2,20.1,19.7,99.2,TEL,MTA,Maccabi Rapyd Tel Aviv,https://media-cdn.cortextech.io/1b533342-78f5-4932-b714-a7d80b5826b5.png,2023,E2023
18,34.0,40.88235294117647,88.2,20.9,36.5,57.3%,10.1,27.0,37.4%,16.1,19.6,82.3%,9.9,26.9,36.8,20.5,6.3,12.4,3.5,1.7,18.9,20.2,106.5,MAD,RMB,Real Madrid,https://media-cdn.incrowdsports.com/371b0d9b-9250-4c09-bda7-0686cf024657.png,2023,E2023
1,34.0,40.44117647058823,78.7,22.6,41.4,54.7%,7.2,24.1,30.1%,11.7,16.1,72.7%,11.7,22.7,34.4,19.7,6.4,15.5,2.1,3.6,21.8,19.0,79.4,BER,BER,ALBA Berlin,https://media-cdn.incrowdsports.com/ccc34858-22b0-47dc-904c-9940b0a16ff3.png,2024,E2024
2,34.0,40.14705882352941,77.4,17.0,32.5,52.2%,9.6,27.9,34.3%,14.8,19.6,75.5%,11.0,22.8,33.8,15.3,6.0,12.7,2.7,2.4,22.8,20.8,79.5,ZAL,ZAL,Zalgiris Kaunas,https://media-cdn.incrowdsports.com/0aa09358-3847-4c4e-b228-3582ee4e536d.png,2024,E2024
3,34.0,40.14705882352941,80.9,18.8,34.9,54%,9.1,24.9,36.4%,16.0,20.4,78.4%,10.1,22.6,32.7,17.8,6.5,13.8,2.4,2.9,21.6,20.5,86.2,ASV,ASV,LDLC ASVEL Villeurbanne,https://media-cdn.incrowdsports.com/e33c6d1a-95ca-4dbc-b8cb-0201812104cc.png,2024,E2024
4,34.0,40.14705882352941,79.2,20.2,36.8,55%,7.6,24.3,31.2%,16.0,20.0,80%,9.9,22.2,32.2,18.5,6.1,11.9,2.3,2.3,20.9,21.0,86.9,VIR,VIR,Virtus Bologna,https://media-cdn.cortextech.io/1362801d-dd09-4fd0-932d-ead56063ab77.png,2024,E2024
5,34.0,40.0,86.5,20.3,37.4,54.4%,10.6,30.1,35.3%,13.9,18.1,76.9%,11.8,23.1,34.9,15.9,6.6,10.4,2.0,2.8,21.7,19.6,89.8,PRS,PBB,Paris Basketball,https://media-cdn.incrowdsports.com/a033e5b3-0de7-48a3-98d9-d9a4b9df1f39.png,2024,E2024
6,34.0,40.0,81.8,20.7,38.1,54.2%,9.0,24.0,37.3%,13.5,17.8,75.9%,10.8,21.6,32.4,17.9,7.2,10.8,3.0,2.6,20.5,19.3,91.0,PAR,PAR,Partizan Mozzart Bet Belgrade,https://media-cdn.incrowdsports.com/2681304e-77dd-4331-88b1-683078c0fb49.png,2024,E2024
7,34.0,40.588235294117645,82.8,19.9,36.4,54.6%,9.5,25.9,36.6%,14.5,19.5,74.4%,11.1,22.6,33.7,19.9,6.3,12.3,1.8,2.4,20.9,20.2,91.1,RED,CZV,Crvena Zvezda Meridianbet Belgrade,https://media-cdn.incrowdsports.com/d2eef4a8-62df-4fdd-9076-276004268515.png,2024,E2024
8,34.0,40.0,83.2,17.7,33.5,52.7%,11.2,29.7,37.9%,14.1,17.2,82.1%,11.8,23.7,35.6,17.2,6.1,12.6,2.5,1.7,21.4,19.9,91.3,ULK,FBB,Fenerbahce Beko Istanbul,https://media-cdn.cortextech.io/3b7f020e-5b39-49a1-b4b2-efea918edab7.png,2024,E2024
9,34.0,40.14705882352941,82.6,21.0,38.4,54.6%,9.0,26.1,34.5%,13.6,17.7,76.8%,12.3,23.9,36.2,18.1,5.4,12.1,2.9,3.2,17.6,18.9,92.6,BAS,BKN,Baskonia Vitoria-Gasteiz,https://media-cdn.cortextech.io/cbc49cb0-99ce-4462-bdb7-56983ee03cf4.png,2024,E2024
10,34.0,40.0,87.2,18.1,31.1,58.2%,12.5,32.1,39%,13.4,16.0,83.5%,10.2,21.8,32.1,18.9,6.6,13.4,1.2,2.6,20.4,18.9,93.3,MUN,BAY,FC Bayern Munich,https://media-cdn.incrowdsports.com/817b0e58-d595-4b09-ab0b-1e7cc26249ff.png,2024,E2024
11,34.0,40.0,85.9,23.0,42.1,54.6%,8.1,22.5,35.8%,15.7,19.5,80.6%,12.1,23.2,35.3,19.0,6.1,13.1,1.6,2.6,20.1,20.6,95.4,TEL,MTA,Maccabi Rapyd Tel Aviv,https://media-cdn.cortextech.io/1b533342-78f5-4932-b714-a7d80b5826b5.png,2024,E2024
12,34.0,40.14705882352941,85.4,19.0,35.2,54%,10.0,25.2,39.5%,17.5,21.1,83%,8.8,23.1,31.9,17.3,6.4,12.1,2.0,1.9,19.6,21.7,96.1,MIL,EA7,EA7 Emporio Armani Milan,https://media-cdn.cortextech.io/9512ee73-a0f1-4647-a01e-3c2938aba6b8.png,2024,E2024
13,34.0,40.294117647058826,85.1,21.1,35.3,59.8%,9.3,28.0,33.3%,14.9,19.2,77.9%,10.6,26.4,37.0,18.7,5.8,13.2,2.9,2.0,20.2,20.7,97.7,MAD,RMB,Real Madrid,https://media-cdn.incrowdsports.com/371b0d9b-9250-4c09-bda7-0686cf024657.png,2024,E2024
14,34.0,40.294117647058826,86.3,22.7,40.9,55.5%,8.1,22.5,35.9%,16.6,21.7,76.8%,10.4,23.0,33.4,18.9,6.8,10.6,2.9,2.2,21.2,22.0,98.8,MCO,ASM,AS Monaco,https://media-cdn.incrowdsports.com/89ed276a-2ba3-413f-8ea2-b3be209ca129.png,2024,E2024
15,34.0,40.44117647058823,88.1,23.6,40.8,57.8%,9.6,24.8,38.8%,12.1,15.6,77.5%,10.1,23.6,33.7,20.1,7.5,11.8,2.0,1.9,20.7,19.1,100.3,BAR,BAR,FC Barcelona,https://media-cdn.incrowdsports.com/35dfa503-e417-481f-963a-bdf6f013763e.png,2024,E2024
16,34.0,40.14705882352941,86.8,22.6,38.4,59%,9.4,24.1,38.9%,13.3,16.5,80.7%,10.3,23.2,33.5,18.9,6.8,12.2,3.9,2.1,19.4,19.2,101.6,IST,EFS,Anadolu Efes Istanbul,https://media-cdn.cortextech.io/9a463aa2-ceb2-481c-9a95-1cddee0a248e.png,2024,E2024
17,34.0,40.14705882352941,86.9,20.3,35.1,57.7%,9.7,25.9,37.6%,17.1,22.6,75.9%,10.8,22.7,33.5,21.4,6.4,11.7,2.4,1.9,18.4,20.7,102.7,OLY,OLY,Olympiacos Piraeus,https://media-cdn.incrowdsports.com/789423ac-3cdf-4b89-b11c-b458aa5f59a6.png,2024,E2024
18,34.0,40.14705882352941,88.4,21.9,37.3,58.8%,9.8,25.4,38.7%,15.1,20.1,75.1%,10.2,24.2,34.4,19.4,6.9,11.4,2.7,2.3,17.9,20.7,105.0,PAN,PAO,Panathinaikos AKTOR Athens,https://media-cdn.incrowdsports.com/e3dff28a-9ec6-4faf-9d96-ecbc68f75780.png,2024,E2024
